,street,city,zip,beds,baths,sq__ft,type,sale_date,price
0,3526 HIGH ST,SACRAMENTO,95838,2,1,836,Residential,1211328000000000000,59222
1,51 OMAHA CT,SACRAMENTO,95823,3,1,1167,Residential,1211328000000000000,68212
2,2796 BRANCH ST,SACRAMENTO,95815,2,1,796,Residential,1211328000000000000,68880
3,2805 JANETTE WAY,SACRAMENTO,95815,2,1,852,Residential,1211328000000000000,69307
4,6001 MCMAHON DR,SACRAMENTO,95824,2,1,797,Residential,1211328000000000000,81900
5,5828 PEPPERMILL CT,SACRAMENTO,95841,3,1,1122,Condo,1211328000000000000,89921
6,6048 OGDEN NASH WAY,SACRAMENTO,95842,3,2,1104,Residential,1211328000000000000,90895
7,2561 19TH AVE,SACRAMENTO,95820,3,1,1177,Residential,1211328000000000000,91002
8,11150 TRINITY RIVER DR Unit 114,RANCHO CORDOVA,95670,2,2,941,Condo,1211328000000000000,94905
9,7325 10TH ST,RIO LINDA,95673,3,2,1146,Residential,1211328000000000000,98937
10,645 MORRISON AVE,SACRAMENTO,95838,3,2,909,Residential,1211328000000000000,100309
11,4085 FAWN CIR,SACRAMENTO,95823,3,2,1289,Residential,1211328000000000000,106250
12,2930 LA ROSA RD,SACRAMENTO,95815,1,1,871,Residential,1211328000000000000,106852
13,2113 KIRK WAY,SACRAMENTO,95822,3,1,1020,Residential,1211328000000000000,107502
14,4533 LOCH HAVEN WAY,SACRAMENTO,95842,2,2,1022,Residential,1211328000000000000,108750
15,7340 HAMDEN PL,SACRAMENTO,95842,2,2,1134,Condo,1211328000000000000,110700
16,6715 6TH ST,RIO LINDA,95673,2,1,844,Residential,1211328000000000000,113263
17,6236 LONGFORD DR Unit 1,CITRUS HEIGHTS,95621,2,1,795,Condo,1211328000000000000,116250
18,250 PERALTA AVE,SACRAMENTO,95833,2,1,588,Residential,1211328000000000000,120000
19,113 LEEWILL AVE,RIO LINDA,95673,3,2,1356,Residential,1211328000000000000,121630
20,6118 STONEHAND AVE,CITRUS HEIGHTS,95621,3,2,1118,Residential,1211328000000000000,122000
21,4882 BANDALIN WAY,SACRAMENTO,95823,4,2,1329,Residential,1211328000000000000,122682
22,7511 OAKVALE CT,NORTH HIGHLANDS,95660,4,2,1240,Residential,1211328000000000000,123000
23,9 PASTURE CT,SACRAMENTO,95834,3,2,1601,Residential,1211328000000000000,124100
24,3729 BAINBRIDGE DR,NORTH HIGHLANDS,95660,3,2,901,Residential,1211328000000000000,125000
25,3828 BLACKFOOT WAY,ANTELOPE,95843,3,2,1088,Residential,1211328000000000000,126640
26,4108 NORTON WAY,SACRAMENTO,95820,3,1,963,Residential,1211328000000000000,127281
27,1469 JANRICK AVE,SACRAMENTO,95832,3,2,1119,Residential,1211328000000000000,129000
28,9861 CULP WAY,SACRAMENTO,95827,4,2,1380,Residential,1211328000000000000,131200
29,7825 CREEK VALLEY CIR,SACRAMENTO,95828,3,2,1248,Residential,1211328000000000000,132000
30,5201 LAGUNA OAKS DR Unit 140,ELK GROVE,95758,2,2,1039,Condo,1211328000000000000,133000
31,6768 MEDORA DR,NORTH HIGHLANDS,95660,3,2,1152,Residential,1211328000000000000,134555
32,3100 EXPLORER DR,SACRAMENTO,95827,3,2,1380,Residential,1211328000000000000,136500
33,7944 DOMINION WAY,ELVERTA,95626,3,2,1116,Residential,1211328000000000000,138750
34,5201 LAGUNA OAKS DR Unit 162,ELK GROVE,95758,2,2,1039,Condo,1211328000000000000,141000
35,3920 SHINING STAR DR,SACRAMENTO,95823,3,2,1418,Residential,1211328000000000000,146250
36,5031 CORVAIR ST,NORTH HIGHLANDS,95660,3,2,1082,Residential,1211328000000000000,147308
37,7661 NIXOS WAY,SACRAMENTO,95823,4,2,1472,Residential,1211328000000000000,148750
38,7044 CARTHY WAY,SACRAMENTO,95828,4,2,1146,Residential,1211328000000000000,149593
39,2442 LARKSPUR LN,SACRAMENTO,95825,1,1,760,Condo,1211328000000000000,150000
40,4800 WESTLAKE PKWY Unit 2109,SACRAMENTO,95835,2,2,1304,Condo,1211328000000000000,152000
41,2178 63RD AVE,SACRAMENTO,95822,3,2,1207,Residential,1211328000000000000,154000
42,8718 ELK WAY,ELK GROVE,95624,3,2,1056,Residential,1211328000000000000,156896
43,5708 RIDGEPOINT DR,ANTELOPE,95843,2,2,1043,Residential,1211328000000000000,161250
44,7315 KOALA CT,NORTH HIGHLANDS,95660,4,2,1587,Residential,1211328000000000000,161500
45,2622 ERIN DR,SACRAMENTO,95833,4,1,1120,Residential,1211328000000000000,164000
46,8421 SUNBLAZE WAY,SACRAMENTO,95823,4,2,1580,Residential,1211328000000000000,165000
47,7420 ALIX PKWY,SACRAMENTO,95823,4,1,1955,Residential,1211328000000000000,166357
48,3820 NATOMA WAY,SACRAMENTO,95838,4,2,1656,Residential,1211328000000000000,166357
49,4431 GREEN TREE DR,SACRAMENTO,95823,3,2,1477,Residential,1211328000000000000,168000
50,9417 SARA ST,ELK GROVE,95624,3,2,1188,Residential,1211328000000000000,170000
51,8299 HALBRITE WAY,SACRAMENTO,95828,4,2,1590,Residential,1211328000000000000,173000
52,7223 KALLIE KAY LN,SACRAMENTO,95823,3,2,1463,Residential,1211328000000000000,174250
53,8156 STEINBECK WAY,SACRAMENTO,95828,4,2,1714,Residential,1211328000000000000,174313
54,7957 VALLEY GREEN DR,SACRAMENTO,95823,3,2,1185,Residential,1211328000000000000,178480
55,1122 WILD POPPY CT,GALT,95632,3,2,1406,Residential,1211328000000000000,178760
56,4520 BOMARK WAY,SACRAMENTO,95842,4,2,1943,Multi-Family,1211328000000000000,179580
57,9012 KIEFER BLVD,SACRAMENTO,95826,3,2,1172,Residential,1211328000000000000,181000
58,5332 SANDSTONE ST,CARMICHAEL,95608,3,1,1152,Residential,1211328000000000000,181872
59,5993 SAWYER CIR,SACRAMENTO,95823,4,3,1851,Residential,1211328000000000000,182587
60,4844 CLYDEBANK WAY,ANTELOPE,95843,3,2,1215,Residential,1211328000000000000,182716
61,306 CAMELLIA WAY,GALT,95632,3,2,1130,Residential,1211328000000000000,182750
62,9021 MADISON AVE,ORANGEVALE,95662,4,2,1603,Residential,1211328000000000000,183200
63,404 6TH ST,GALT,95632,3,1,1479,Residential,1211328000000000000,188741
64,8317 SUNNY CREEK WAY,SACRAMENTO,95823,3,2,1420,Residential,1211328000000000000,189000
65,2617 BASS CT,SACRAMENTO,95826,3,2,1280,Residential,1211328000000000000,192067
66,7005 TIANT WAY,ELK GROVE,95758,3,2,1586,Residential,1211328000000000000,194000
67,7895 CABER WAY,ANTELOPE,95843,3,2,1362,Residential,1211328000000000000,194818
68,7624 BOGEY CT,SACRAMENTO,95828,4,4,2162,Multi-Family,1211328000000000000,195000
69,6930 HAMPTON COVE WAY,SACRAMENTO,95823,3,2,1266,Residential,1211328000000000000,198000
70,8708 MESA BROOK WAY,ELK GROVE,95624,4,2,1715,Residential,1211328000000000000,199500
71,120 GRANT LN,FOLSOM,95630,3,2,1820,Residential,1211328000000000000,200000
72,5907 ELLERSLEE DR,CARMICHAEL,95608,3,1,936,Residential,1211328000000000000,200000
74,170 PENHOW CIR,SACRAMENTO,95834,3,2,1511,Residential,1211328000000000000,208000
75,8345 STAR THISTLE WAY,SACRAMENTO,95823,4,2,1590,Residential,1211328000000000000,212864
76,9080 FRESCA WAY,ELK GROVE,95758,4,2,1596,Residential,1211328000000000000,221000
77,391 NATALINO CIR,SACRAMENTO,95835,2,2,1341,Residential,1211328000000000000,221000
78,8373 BLACKMAN WAY,ELK GROVE,95624,5,3,2136,Residential,1211328000000000000,223058
79,9837 CORTE DORADO CT,ELK GROVE,95624,4,2,1616,Residential,1211328000000000000,227887
80,5037 J PKWY,SACRAMENTO,95823,3,2,1478,Residential,1211328000000000000,231477
81,10245 LOS PALOS DR,RANCHO CORDOVA,95670,3,2,1287,Residential,1211328000000000000,234697
82,6613 NAVION DR,CITRUS HEIGHTS,95621,4,2,1277,Residential,1211328000000000000,235000
83,2887 AZEVEDO DR,SACRAMENTO,95833,4,2,1448,Residential,1211328000000000000,236000
84,9186 KINBRACE CT,SACRAMENTO,95829,4,3,2235,Residential,1211328000000000000,236685
85,4243 MIDDLEBURY WAY,MATHER,95655,3,2,2093,Residential,1211328000000000000,237800
86,1028 FALLON PLACE CT,RIO LINDA,95673,3,2,1193,Residential,1211328000000000000,240122
87,4804 NORIKER DR,ELK GROVE,95757,3,2,2163,Residential,1211328000000000000,242638
88,7713 HARVEST WOODS DR,SACRAMENTO,95828,3,2,1269,Residential,1211328000000000000,244000
90,6913 RICHEVE WAY,SACRAMENTO,95828,3,1,958,Residential,1211328000000000000,244960
91,8636 TEGEA WAY,ELK GROVE,95624,5,3,2508,Residential,1211328000000000000,245918
92,5448 MAIDSTONE WAY,CITRUS HEIGHTS,95621,3,2,1305,Residential,1211328000000000000,250000
93,18 OLLIE CT,ELK GROVE,95758,4,2,1591,Residential,1211328000000000000,250000
94,4010 ALEX LN,CARMICHAEL,95608,2,2,1326,Condo,1211328000000000000,250134
95,4901 MILLNER WAY,ELK GROVE,95757,3,2,1843,Residential,1211328000000000000,254200
96,4818 BRITTNEY LEE CT,SACRAMENTO,95841,4,2,1921,Residential,1211328000000000000,254200
97,5529 LAGUNA PARK DR,ELK GROVE,95758,5,3,2790,Residential,1211328000000000000,258000
98,230 CANDELA CIR,SACRAMENTO,95835,3,2,1541,Residential,1211328000000000000,260000
99,4900 71ST ST,SACRAMENTO,95820,3,1,1018,Residential,1211328000000000000,260014
101,4236 NATOMAS CENTRAL DR,SACRAMENTO,95834,3,2,1672,Condo,1211328000000000000,265000
102,5615 LUPIN LN,POLLOCK PINES,95726,3,2,1380,Residential,1211328000000000000,265000
103,5625 JAMES WAY,SACRAMENTO,95822,3,1,975,Residential,1211328000000000000,271742
104,7842 LAHONTAN CT,SACRAMENTO,95829,4,3,2372,Residential,1211328000000000000,273750
105,6850 21ST ST,SACRAMENTO,95822,3,2,1446,Residential,1211328000000000000,275086
106,2900 BLAIR RD,POLLOCK PINES,95726,2,2,1284,Residential,1211328000000000000,280908
107,2064 EXPEDITION WAY,SACRAMENTO,95832,4,3,3009,Residential,1211328000000000000,280987
108,2912 NORCADE CIR,SACRAMENTO,95826,8,4,3612,Multi-Family,1211328000000000000,282400
109,9507 SEA CLIFF WAY,ELK GROVE,95758,4,2,2056,Residential,1211328000000000000,285000
110,8882 AUTUMN GOLD CT,ELK GROVE,95624,4,2,1993,Residential,1211328000000000000,287417
111,5322 WHITE LOTUS WAY,ELK GROVE,95757,3,2,1857,Residential,1211328000000000000,291000
112,1838 CASTRO WAY,SACRAMENTO,95818,2,1,1126,Residential,1211328000000000000,292024
113,10158 CRAWFORD WAY,SACRAMENTO,95827,4,4,2213,Multi-Family,1211328000000000000,297000
114,7731 MASTERS ST,ELK GROVE,95758,5,3,2494,Residential,1211328000000000000,297000
115,4925 PERCHERON DR,ELK GROVE,95757,3,2,1843,Residential,1211328000000000000,298000
116,2010 PROMONTORY POINT LN,GOLD RIVER,95670,2,2,1520,Residential,1211328000000000000,299000
117,4727 SAVOIE WAY,SACRAMENTO,95835,5,3,2800,Residential,1211328000000000000,304037
118,8664 MAGNOLIA HILL WAY,ELK GROVE,95624,4,2,2309,Residential,1211328000000000000,311000
119,9570 HARVEST ROSE WAY,SACRAMENTO,95827,5,3,2367,Residential,1211328000000000000,315537
120,4359 CREGAN CT,RANCHO CORDOVA,95742,5,4,3516,Residential,1211328000000000000,320000
122,8929 SUTTERS GOLD DR,SACRAMENTO,95826,4,3,1914,Residential,1211328000000000000,328360
123,8025 PEERLESS AVE,ORANGEVALE,95662,2,1,1690,Residential,1211328000000000000,334150
124,4620 WELERA WAY,ELK GROVE,95757,3,3,2725,Residential,1211328000000000000,335750
125,9723 TERRAPIN CT,ELK GROVE,95757,4,3,2354,Residential,1211328000000000000,335750
127,100 REBECCA WAY,FOLSOM,95630,3,2,2185,Residential,1211328000000000000,344250
128,9488 OAK VILLAGE WAY,ELK GROVE,95758,4,2,1801,Residential,1211328000000000000,346210
129,8495 DARTFORD DR,SACRAMENTO,95823,3,3,1961,Residential,1211328000000000000,347029
130,6708 PONTA DO SOL WAY,ELK GROVE,95757,4,2,3134,Residential,1211328000000000000,347650
131,4143 SEA MEADOW WAY,SACRAMENTO,95823,4,3,1915,Residential,1211328000000000000,351300
134,15300 MURIETA SOUTH PKWY,RANCHO MURIETA,95683,4,3,2734,Residential,1211328000000000000,370500
135,11215 SHARRMONT CT,WILTON,95693,3,2,2110,Residential,1211328000000000000,372000
136,7105 DANBERG WAY,ELK GROVE,95757,5,3,3164,Residential,1211328000000000000,375000
137,5579 JERRY LITELL WAY,SACRAMENTO,95835,5,3,3599,Residential,1211328000000000000,381300
138,1050 FOXHALL WAY,SACRAMENTO,95831,4,2,2054,Residential,1211328000000000000,381942
139,7837 ABBINGTON WAY,ANTELOPE,95843,4,2,1830,Residential,1211328000000000000,387731
140,1300 F ST,SACRAMENTO,95814,3,3,1627,Residential,1211328000000000000,391000
141,6801 RAWLEY WAY,ELK GROVE,95757,4,3,3440,Residential,1211328000000000000,394470
142,1693 SHELTER COVE DR,GREENWOOD,95635,3,2,2846,Residential,1211328000000000000,395000
143,9361 WADDELL LN,ELK GROVE,95624,4,3,2359,Residential,1211328000000000000,400186
144,10 SEA FOAM CT,SACRAMENTO,95831,3,3,2052,Residential,1211328000000000000,415000
145,6945 RIO TEJO WAY,ELK GROVE,95757,5,3,3433,Residential,1211328000000000000,425000
146,4186 TULIP PARK WAY,RANCHO CORDOVA,95742,5,3,3615,Residential,1211328000000000000,430000
148,207 ORANGE BLOSSOM CIR Unit C,FOLSOM,95630,5,3,2687,Residential,1211328000000000000,460000
149,6507 RIO DE ONAR WAY,ELK GROVE,95757,4,3,2724,Residential,1211328000000000000,461000
150,7004 RAWLEY WAY,ELK GROVE,95757,4,3,3440,Residential,1211328000000000000,489332
151,6503 RIO DE ONAR WAY,ELK GROVE,95757,5,4,3508,Residential,1211328000000000000,510000
152,2217 APPALOOSA CT,FOLSOM,95630,4,2,2462,Residential,1211328000000000000,539000
156,4004 CRESTA WAY,SACRAMENTO,95864,3,3,2325,Residential,1211328000000000000,660000
158,6272 LONGFORD DR Unit 1,CITRUS HEIGHTS,95621,2,1,795,Condo,1211241600000000000,69000
159,3432 Y ST,SACRAMENTO,95817,4,2,1099,Residential,1211241600000000000,70000
160,9512 EMERALD PARK DR Unit 3,ELK GROVE,95624,2,1,840,Condo,1211241600000000000,71000
161,3132 CLAY ST,SACRAMENTO,95815,2,1,800,Residential,1211241600000000000,78000
162,5221 38TH AVE,SACRAMENTO,95824,2,1,746,Residential,1211241600000000000,78400
163,6112 HERMOSA ST,SACRAMENTO,95822,3,1,1067,Residential,1211241600000000000,80000
164,483 ARCADE BLVD,SACRAMENTO,95815,4,2,1316,Residential,1211241600000000000,89000
165,671 SONOMA AVE,SACRAMENTO,95815,3,1,1337,Residential,1211241600000000000,90000
166,5980 79TH ST,SACRAMENTO,95824,2,1,868,Residential,1211241600000000000,90000
167,7607 ELDER CREEK RD,SACRAMENTO,95824,3,1,924,Residential,1211241600000000000,92000
168,5028 14TH AVE,SACRAMENTO,95820,2,1,610,Residential,1211241600000000000,93675
170,1069 ACACIA AVE,SACRAMENTO,95815,2,1,1220,Residential,1211241600000000000,98000
171,5201 LAGUNA OAKS DR Unit 199,ELK GROVE,95758,1,1,722,Condo,1211241600000000000,98000
172,3847 LAS PASAS WAY,SACRAMENTO,95864,3,1,1643,Residential,1211241600000000000,99000
173,5201 LAGUNA OAKS DR Unit 172,ELK GROVE,95758,1,1,722,Condo,1211241600000000000,100000
174,1121 CREEKSIDE WAY,GALT,95632,3,1,1080,Residential,1211241600000000000,106716
175,5307 CABRILLO WAY,SACRAMENTO,95820,3,1,1039,Residential,1211241600000000000,111000
176,3725 DON JULIO BLVD,NORTH HIGHLANDS,95660,3,1,1051,Residential,1211241600000000000,111000
177,4803 MCCLOUD DR,SACRAMENTO,95842,2,2,967,Residential,1211241600000000000,114800
178,10542 SILVERWOOD WAY,RANCHO CORDOVA,95670,3,1,1098,Residential,1211241600000000000,120108
179,6318 39TH AVE,SACRAMENTO,95824,3,1,1050,Residential,1211241600000000000,123225
180,211 MCDANIEL CIR,SACRAMENTO,95838,3,2,1110,Residential,1211241600000000000,123750
181,3800 LYNHURST WAY,NORTH HIGHLANDS,95660,3,1,888,Residential,1211241600000000000,125000
182,6139 HERMOSA ST,SACRAMENTO,95822,3,2,1120,Residential,1211241600000000000,125000
183,2505 RHINE WAY,ELVERTA,95626,3,2,1080,Residential,1211241600000000000,126000
184,3692 PAYNE WAY,NORTH HIGHLANDS,95660,3,1,957,Residential,1211241600000000000,129000
185,604 MORRISON AVE,SACRAMENTO,95838,2,1,952,Residential,1211241600000000000,134000
186,648 SANTA ANA AVE,SACRAMENTO,95838,3,2,1211,Residential,1211241600000000000,135000
187,14 ASHLEY OAKS CT,SACRAMENTO,95815,3,2,1264,Residential,1211241600000000000,135500
188,3174 NORTHVIEW DR,SACRAMENTO,95833,3,1,1080,Residential,1211241600000000000,140000
189,840 TRANQUIL LN,GALT,95632,3,2,1266,Residential,1211241600000000000,140000
190,5333 PRIMROSE DR Unit 19A,FAIR OAKS,95628,2,2,994,Condo,1211241600000000000,142500
191,1035 MILLET WAY,SACRAMENTO,95834,3,2,1202,Residential,1211241600000000000,143500
193,3328 22ND AVE,SACRAMENTO,95820,2,1,722,Residential,1211241600000000000,145000
194,8001 HARTWICK WAY,SACRAMENTO,95828,4,2,1448,Residential,1211241600000000000,145000
195,7812 HARTWICK WAY,SACRAMENTO,95828,3,2,1188,Residential,1211241600000000000,145000
196,4207 PAINTER WAY,NORTH HIGHLANDS,95660,4,2,1183,Residential,1211241600000000000,146000
197,7458 WINKLEY WAY,SACRAMENTO,95822,3,1,1320,Residential,1211241600000000000,148500
198,8354 SUNRISE WOODS WAY,SACRAMENTO,95828,3,2,1117,Residential,1211241600000000000,149000
199,8116 COTTONMILL CIR,SACRAMENTO,95828,3,2,1364,Residential,1211241600000000000,150000
200,4660 CEDARWOOD WAY,SACRAMENTO,95823,4,2,1310,Residential,1211241600000000000,150000
201,9254 HARROGATE WAY,ELK GROVE,95758,2,2,1006,Residential,1211241600000000000,152000
202,6716 TAREYTON WAY,CITRUS HEIGHTS,95621,3,2,1104,Residential,1211241600000000000,156000
203,2028 ROBERT WAY,SACRAMENTO,95825,2,1,810,Residential,1211241600000000000,156000
204,9346 AIZENBERG CIR,ELK GROVE,95624,2,2,1123,Residential,1211241600000000000,156000
205,4524 LOCH HAVEN WAY,SACRAMENTO,95842,2,1,904,Residential,1211241600000000000,157788
206,7140 BLUE SPRINGS WAY,CITRUS HEIGHTS,95621,3,2,1156,Residential,1211241600000000000,161653
207,4631 11TH AVE,SACRAMENTO,95820,2,1,1321,Residential,1211241600000000000,161829
208,3228 BAGGAN CT,ANTELOPE,95843,3,2,1392,Residential,1211241600000000000,165000
209,8515 DARTFORD DR,SACRAMENTO,95823,3,2,1439,Residential,1211241600000000000,168000
210,4500 TIPPWOOD WAY,SACRAMENTO,95842,3,2,1159,Residential,1211241600000000000,169000
211,2460 EL ROCCO WAY,RANCHO CORDOVA,95670,3,2,1671,Residential,1211241600000000000,175000
212,8244 SUNBIRD WAY,SACRAMENTO,95823,3,2,1740,Residential,1211241600000000000,176250
213,5841 VALLEY VALE WAY,SACRAMENTO,95823,3,2,1265,Residential,1211241600000000000,179000
214,7863 CRESTLEIGH CT,ANTELOPE,95843,2,2,1007,Residential,1211241600000000000,180000
215,7129 SPRINGMONT DR,ELK GROVE,95758,3,2,1716,Residential,1211241600000000000,180400
216,8284 RED FOX WAY,ELK GROVE,95758,4,2,1685,Residential,1211241600000000000,182000
217,2219 EL CANTO CIR,RANCHO CORDOVA,95670,4,2,1829,Residential,1211241600000000000,184500
218,8907 GEMWOOD WAY,ELK GROVE,95758,3,2,1555,Residential,1211241600000000000,185000
219,5925 MALEVILLE AVE,CARMICHAEL,95608,4,2,1120,Residential,1211241600000000000,189000
220,7031 CANEVALLEY CIR,CITRUS HEIGHTS,95621,3,2,1137,Residential,1211241600000000000,194000
221,3949 WILDROSE WAY,SACRAMENTO,95826,3,1,1174,Residential,1211241600000000000,195000
222,4437 MITCHUM CT,ANTELOPE,95843,3,2,1393,Residential,1211241600000000000,200000
225,8151 QUAIL RIDGE CT,SACRAMENTO,95828,3,2,1289,Residential,1211241600000000000,205000
226,4899 WIND CREEK DR,SACRAMENTO,95838,4,2,1799,Residential,1211241600000000000,205000
228,6049 HAMBURG WAY,SACRAMENTO,95823,4,3,1953,Residential,1211241600000000000,205000
229,4232 71ST ST,SACRAMENTO,95820,2,1,723,Residential,1211241600000000000,207000
231,1889 COLD SPRINGS RD,PLACERVILLE,95667,2,1,948,Residential,1211241600000000000,211500
232,5805 HIMALAYA WAY,CITRUS HEIGHTS,95621,4,2,1578,Residential,1211241600000000000,215000
233,7944 SYLVAN OAK WAY,CITRUS HEIGHTS,95610,3,2,1317,Residential,1211241600000000000,215000
235,6217 LEOLA WAY,SACRAMENTO,95824,3,1,1360,Residential,1211241600000000000,222381
237,3035 BRUNNET LN,SACRAMENTO,95833,3,2,1522,Residential,1211241600000000000,225000
238,3025 EL PRADO WAY,SACRAMENTO,95825,4,2,1751,Residential,1211241600000000000,225000
239,9387 GRANITE FALLS CT,ELK GROVE,95624,3,2,1465,Residential,1211241600000000000,225000
240,9257 CALDERA WAY,SACRAMENTO,95826,4,2,1605,Residential,1211241600000000000,228000
241,441 ARLINGDALE CIR,RIO LINDA,95673,4,2,1475,Residential,1211241600000000000,229665
242,2284 LOS ROBLES RD,MEADOW VISTA,95722,3,1,1216,Residential,1211241600000000000,230000
243,8164 CHENIN BLANC LN,FAIR OAKS,95628,2,2,1315,Residential,1211241600000000000,230000
244,4620 CHAMBERLIN CIR,ELK GROVE,95757,3,2,1567,Residential,1211241600000000000,230000
245,5340 BIRK WAY,SACRAMENTO,95835,3,2,1776,Residential,1211241600000000000,234000
246,51 ANJOU CIR,SACRAMENTO,95835,3,2,2187,Residential,1211241600000000000,235000
247,2125 22ND AVE,SACRAMENTO,95822,3,1,1291,Residential,1211241600000000000,236250
250,7344 BUTTERBALL WAY,SACRAMENTO,95842,3,2,1503,Residential,1211241600000000000,245000
251,8219 GWINHURST CIR,SACRAMENTO,95828,4,3,2491,Residential,1211241600000000000,245000
252,3240 S ST,SACRAMENTO,95816,2,1,1269,Residential,1211241600000000000,245000
254,5706 GREENACRES WAY,ORANGEVALE,95662,3,2,1176,Residential,1211241600000000000,250000
255,6900 LONICERA DR,ORANGEVALE,95662,4,2,1456,Residential,1211241600000000000,250000
256,419 DAWNRIDGE RD,ROSEVILLE,95678,3,2,1498,Residential,1211241600000000000,250000
257,5312 MARBURY WAY,ANTELOPE,95843,3,2,1574,Residential,1211241600000000000,255000
258,6344 BONHAM CIR,CITRUS HEIGHTS,95610,5,4,2085,Multi-Family,1211241600000000000,256054
259,8207 YORKTON WAY,SACRAMENTO,95829,3,2,2170,Residential,1211241600000000000,257729
260,7922 MANSELL WAY,ELK GROVE,95758,4,2,1595,Residential,1211241600000000000,260000
261,5712 MELBURY CIR,ANTELOPE,95843,3,2,1567,Residential,1211241600000000000,261000
263,1570 GLIDDEN AVE,SACRAMENTO,95822,4,2,1253,Residential,1211241600000000000,264469
264,8108 FILIFERA WAY,ANTELOPE,95843,4,3,1768,Residential,1211241600000000000,265000
266,5342 CALABRIA WAY,SACRAMENTO,95835,4,3,2030,Residential,1211241600000000000,270000
267,47 NAPONEE CT,SACRAMENTO,95835,3,2,1531,Residential,1211241600000000000,270000
269,8864 REMBRANT CT,ELK GROVE,95624,4,3,1653,Residential,1211241600000000000,275000
270,9455 SEA CLIFF WAY,ELK GROVE,95758,4,2,2056,Residential,1211241600000000000,275000
271,9720 LITTLE HARBOR WAY,ELK GROVE,95624,4,3,2494,Residential,1211241600000000000,280000
272,8806 PHOENIX AVE,FAIR OAKS,95628,3,2,1450,Residential,1211241600000000000,286013
273,3578 LOGGERHEAD WAY,SACRAMENTO,95834,4,2,2169,Residential,1211241600000000000,292000
274,1416 LOCKHART WAY,ROSEVILLE,95747,3,2,1440,Residential,1211241600000000000,292000
275,5413 BUENA VENTURA WAY,FAIR OAKS,95628,3,2,1527,Residential,1211241600000000000,293993
276,37 WHITE BIRCH CT,ROSEVILLE,95678,3,2,1401,Residential,1211241600000000000,294000
277,405 MARLIN SPIKE WAY,SACRAMENTO,95838,3,2,1411,Residential,1211241600000000000,296769
280,7320 6TH ST,RIO LINDA,95673,3,1,1284,Residential,1211241600000000000,300000
281,993 MANTON CT,GALT,95632,4,3,2307,Residential,1211241600000000000,300000
282,4487 PANORAMA DR,PLACERVILLE,95667,3,2,1329,Residential,1211241600000000000,300000
283,5651 OVERLEAF WAY,SACRAMENTO,95835,4,2,1910,Residential,1211241600000000000,300500
284,2015 PROMONTORY POINT LN,GOLD RIVER,95670,3,2,1981,Residential,1211241600000000000,305000
288,8 RIVER RAFT CT,SACRAMENTO,95823,4,2,2205,Residential,1211241600000000000,319789
289,2251 LAMPLIGHT LN,LINCOLN,95648,2,2,1449,Residential,1211241600000000000,330000
290,106 FARHAM DR,FOLSOM,95630,3,2,1258,Residential,1211241600000000000,330000
291,5405 NECTAR CIR,ELK GROVE,95757,3,2,2575,Residential,1211241600000000000,331000
292,5411 10TH AVE,SACRAMENTO,95820,2,1,539,Residential,1211241600000000000,334000
293,3512 RAINSONG CIR,RANCHO CORDOVA,95670,4,3,2208,Residential,1211241600000000000,336000
294,1106 55TH ST,SACRAMENTO,95819,3,1,1108,Residential,1211241600000000000,339000
295,411 ILLSLEY WAY,FOLSOM,95630,4,2,1595,Residential,1211241600000000000,339000
296,796 BUTTERCUP CIR,GALT,95632,4,2,2159,Residential,1211241600000000000,345000
297,1230 SANDRA CIR,PLACERVILLE,95667,4,3,2295,Residential,1211241600000000000,350000
298,318 ANACAPA DR,ROSEVILLE,95678,3,2,1838,Residential,1211241600000000000,356000
299,3975 SHINING STAR DR,SACRAMENTO,95823,4,2,1900,Residential,1211241600000000000,361745
300,1620 BASLER ST,SACRAMENTO,95811,4,2,1718,Residential,1211241600000000000,361948
301,9688 NATURE TRAIL WAY,ELK GROVE,95757,5,3,3389,Residential,1211241600000000000,370000
303,9629 CEDAR OAK WAY,ELK GROVE,95757,5,4,3260,Residential,1211241600000000000,385000
304,3429 FERNBROOK CT,CAMERON PARK,95682,3,2,2016,Residential,1211241600000000000,399000
305,2121 HANNAH WAY,ROCKLIN,95765,4,2,2607,Residential,1211241600000000000,402000
306,10104 ANNIE ST,ELK GROVE,95757,4,3,2724,Residential,1211241600000000000,406026
307,1092 MAUGHAM CT,GALT,95632,5,4,3746,Residential,1211241600000000000,420000
309,6306 CONEJO,RANCHO MURIETA,95683,4,2,3192,Residential,1211241600000000000,425000
313,427 21ST ST,SACRAMENTO,95811,2,1,1247,Residential,1211241600000000000,445000
314,1044 GALSTON DR,FOLSOM,95630,4,2,2581,Residential,1211241600000000000,450000
315,4440 SYCAMORE AVE,SACRAMENTO,95841,3,1,2068,Residential,1211241600000000000,460000
317,9760 LAZULITE CT,ELK GROVE,95624,4,3,3992,Residential,1211241600000000000,460000
318,241 LANFRANCO CIR,SACRAMENTO,95835,4,4,3397,Residential,1211241600000000000,465000
319,5559 NORTHBOROUGH DR,SACRAMENTO,95835,5,3,3881,Residential,1211241600000000000,471750
321,2109 HAMLET PL,CARMICHAEL,95608,2,2,1598,Residential,1211241600000000000,484000
322,9970 STATE HIGHWAY 193,PLACERVILLE,95667,4,3,1929,Residential,1211241600000000000,485000
323,2901 PINTAIL WAY,ELK GROVE,95757,4,3,3070,Residential,1211241600000000000,495000
328,7756 TIGERWOODS DR,SACRAMENTO,95829,5,3,3984,Residential,1211241600000000000,572500
329,5709 RIVER OAK WAY,CARMICHAEL,95608,4,2,2222,Residential,1211241600000000000,582000
330,2981 WRINGER DR,ROSEVILLE,95661,4,3,3838,Residential,1211241600000000000,613401
332,4128 HILL ST,FAIR OAKS,95628,5,5,2846,Residential,1211241600000000000,680000
333,1409 47TH ST,SACRAMENTO,95819,5,2,2484,Residential,1211241600000000000,699000
334,3935 EL MONTE DR,LOOMIS,95650,4,4,1624,Residential,1211241600000000000,839000
335,5840 WALERGA RD,SACRAMENTO,95842,2,1,840,Condo,1211155200000000000,40000
336,923 FULTON AVE,SACRAMENTO,95825,1,1,484,Condo,1211155200000000000,48000
337,261 REDONDO AVE,SACRAMENTO,95815,3,1,970,Residential,1211155200000000000,61500
338,4030 BROADWAY,SACRAMENTO,95817,2,1,623,Residential,1211155200000000000,62050
339,3660 22ND AVE,SACRAMENTO,95820,2,1,932,Residential,1211155200000000000,65000
340,3924 HIGH ST,SACRAMENTO,95838,2,1,796,Residential,1211155200000000000,65000
341,4734 14TH AVE,SACRAMENTO,95820,2,1,834,Residential,1211155200000000000,68000
342,4734 14TH AVE,SACRAMENTO,95820,2,1,834,Residential,1211155200000000000,68000
343,5050 RHODE ISLAND DR Unit 4,SACRAMENTO,95841,2,1,924,Condo,1211155200000000000,77000
344,4513 GREENHOLME DR,SACRAMENTO,95842,2,1,795,Condo,1211155200000000000,82732
345,3845 ELM ST,SACRAMENTO,95838,3,1,1250,Residential,1211155200000000000,84000
346,3908 17TH AVE,SACRAMENTO,95820,2,1,984,Residential,1211155200000000000,84675
347,7109 CHANDLER DR,SACRAMENTO,95828,3,1,1013,Residential,1211155200000000000,85000
348,7541 SKELTON WAY,SACRAMENTO,95822,3,1,1012,Residential,1211155200000000000,90000
349,9058 MONTOYA ST,SACRAMENTO,95826,2,1,795,Condo,1211155200000000000,90000
350,1016 CONGRESS AVE,SACRAMENTO,95838,2,2,918,Residential,1211155200000000000,91000
351,540 MORRISON AVE,SACRAMENTO,95838,3,1,1082,Residential,1211155200000000000,95000
352,5303 JERRETT WAY,SACRAMENTO,95842,2,1,964,Residential,1211155200000000000,97500
353,2820 DEL PASO BLVD,SACRAMENTO,95815,4,2,1404,Multi-Family,1211155200000000000,100000
354,3715 TALLYHO DR Unit 78HIGH,SACRAMENTO,95826,1,1,625,Condo,1211155200000000000,100000
355,6013 ROWAN WAY,CITRUS HEIGHTS,95621,2,1,888,Residential,1211155200000000000,101000
356,2987 PONDEROSA LN,SACRAMENTO,95815,4,2,1120,Residential,1211155200000000000,102750
357,3732 LANKERSHIM WAY,NORTH HIGHLANDS,95660,3,1,1331,Residential,1211155200000000000,112500
358,2216 DUNLAP DR,SACRAMENTO,95821,3,1,1014,Residential,1211155200000000000,113000
359,3503 21ST AVE,SACRAMENTO,95820,4,2,1448,Residential,1211155200000000000,114000
360,523 EXCHANGE ST,SACRAMENTO,95838,3,1,966,Residential,1211155200000000000,114000
361,8101 PORT ROYALE WAY,SACRAMENTO,95823,2,1,779,Residential,1211155200000000000,114750
362,8020 WALERGA RD,ANTELOPE,95843,2,2,836,Condo,1211155200000000000,115000
363,167 VALLEY OAK DR,ROSEVILLE,95678,2,2,1100,Condo,1211155200000000000,115000
364,7876 BURLINGTON WAY,SACRAMENTO,95832,3,1,1174,Residential,1211155200000000000,116100
365,3726 JONKO AVE,NORTH HIGHLANDS,95660,3,2,1207,Residential,1211155200000000000,119250
366,7342 GIGI PL,SACRAMENTO,95828,4,4,1995,Multi-Family,1211155200000000000,120000
367,2610 PHYLLIS AVE,SACRAMENTO,95820,2,1,804,Residential,1211155200000000000,120000
368,4200 COMMERCE WAY Unit 711,SACRAMENTO,95834,2,2,958,Condo,1211155200000000000,120000
369,4621 COUNTRY SCENE WAY,SACRAMENTO,95823,3,2,1366,Residential,1211155200000000000,120108
370,5380 VILLAGE WOOD DR,SACRAMENTO,95823,2,2,901,Residential,1211155200000000000,121500
371,2621 EVERGREEN ST,SACRAMENTO,95815,3,1,696,Residential,1211155200000000000,121725
372,201 CARLO CT,GALT,95632,3,2,1080,Residential,1211155200000000000,122000
373,6743 21ST ST,SACRAMENTO,95822,3,2,1104,Residential,1211155200000000000,123000
374,3128 VIA GRANDE,SACRAMENTO,95825,2,1,972,Residential,1211155200000000000,125000
375,2847 BELGRADE WAY,SACRAMENTO,95833,4,2,1390,Residential,1211155200000000000,125573
376,7741 MILLDALE CIR,ELVERTA,95626,4,2,1354,Residential,1211155200000000000,126714
377,9013 CASALS ST,SACRAMENTO,95826,2,1,795,Condo,1211155200000000000,126960
378,227 MAHAN CT Unit 1,ROSEVILLE,95678,2,1,780,Condo,1211155200000000000,127000
379,7349 FLETCHER FARM DR,SACRAMENTO,95828,4,2,1587,Residential,1211155200000000000,127500
380,7226 LARCHMONT DR,NORTH HIGHLANDS,95660,3,2,1209,Residential,1211155200000000000,130000
381,4114 35TH AVE,SACRAMENTO,95824,2,1,1139,Residential,1211155200000000000,133105
382,617 M ST,RIO LINDA,95673,2,2,1690,Residential,1211155200000000000,136500
383,7032 FAIR OAKS BLVD,CARMICHAEL,95608,3,2,1245,Condo,1211155200000000000,139500
384,2421 SANTINA WAY,ELVERTA,95626,3,2,1416,Residential,1211155200000000000,140000
385,2368 CRAIG AVE,SACRAMENTO,95832,3,2,1300,Residential,1211155200000000000,140800
386,2123 AMANDA WAY,SACRAMENTO,95822,3,2,1120,Residential,1211155200000000000,145000
387,7620 DARLA WAY,SACRAMENTO,95828,4,2,1590,Residential,1211155200000000000,147000
388,8344 FIELDPOPPY CIR,SACRAMENTO,95828,3,2,1407,Residential,1211155200000000000,149600
389,3624 20TH AVE,SACRAMENTO,95820,5,2,1516,Residential,1211155200000000000,150000
391,2848 PROVO WAY,SACRAMENTO,95822,3,2,1646,Residential,1211155200000000000,150000
392,6045 EHRHARDT AVE,SACRAMENTO,95823,3,2,1676,Residential,1211155200000000000,155000
393,1223 LAMBERTON CIR,SACRAMENTO,95838,3,2,1370,Residential,1211155200000000000,155435
394,1223 LAMBERTON CIR,SACRAMENTO,95838,3,2,1370,Residential,1211155200000000000,155500
395,6000 BIRCHGLADE WAY,CITRUS HEIGHTS,95621,4,2,1351,Residential,1211155200000000000,158000
396,7204 THOMAS DR,NORTH HIGHLANDS,95660,3,2,1152,Residential,1211155200000000000,158000
397,8363 LANGTREE WAY,SACRAMENTO,95823,3,2,1452,Residential,1211155200000000000,160000
398,1675 VERNON ST Unit 8,ROSEVILLE,95678,2,1,990,Residential,1211155200000000000,160000
399,6632 IBEX WOODS CT,CITRUS HEIGHTS,95621,2,2,1162,Residential,1211155200000000000,164000
400,117 EVCAR WAY,RIO LINDA,95673,3,2,1182,Residential,1211155200000000000,164000
401,6485 LAGUNA MIRAGE LN,ELK GROVE,95758,2,2,1112,Residential,1211155200000000000,165000
402,746 MOOSE CREEK WAY,GALT,95632,3,2,1100,Residential,1211155200000000000,167000
403,8306 CURLEW CT,CITRUS HEIGHTS,95621,4,2,1280,Residential,1211155200000000000,167293
404,8306 CURLEW CT,CITRUS HEIGHTS,95621,4,2,1280,Residential,1211155200000000000,167293
405,5217 ARGO WAY,SACRAMENTO,95820,3,1,1039,Residential,1211155200000000000,168000
406,7108 HEATHER TREE DR,SACRAMENTO,95842,3,2,1159,Residential,1211155200000000000,170000
407,2956 DAVENPORT WAY,SACRAMENTO,95833,4,2,1917,Residential,1211155200000000000,170000
408,10062 LINCOLN VILLAGE DR,SACRAMENTO,95827,3,2,1520,Residential,1211155200000000000,170000
409,332 PALIN AVE,GALT,95632,3,2,1204,Residential,1211155200000000000,174000
410,4649 FREEWAY CIR,SACRAMENTO,95841,3,2,1120,Residential,1211155200000000000,178000
411,8593 DERLIN WAY,SACRAMENTO,95823,3,2,1436,Residential,1211155200000000000,180000
412,9273 PREMIER WAY,SACRAMENTO,95826,3,2,1451,Residential,1211155200000000000,180000
413,8032 DUSENBERG CT,SACRAMENTO,95828,4,2,1638,Residential,1211155200000000000,180000
414,7110 STELLA LN Unit 15,CARMICHAEL,95608,2,2,1000,Condo,1211155200000000000,182000
415,1786 PIEDMONT WAY,ROSEVILLE,95661,3,1,1152,Residential,1211155200000000000,188325
416,1347 HIDALGO CIR,ROSEVILLE,95747,3,2,1154,Residential,1211155200000000000,191500
417,212 CAPPUCINO WAY,SACRAMENTO,95838,3,2,1353,Residential,1211155200000000000,192000
418,5938 WOODBRIAR WAY,CITRUS HEIGHTS,95621,3,2,1329,Residential,1211155200000000000,192700
419,3801 WILDROSE WAY,SACRAMENTO,95826,3,1,1356,Residential,1211155200000000000,195000
420,508 SAMUEL WAY,SACRAMENTO,95838,3,2,1505,Residential,1211155200000000000,197654
421,6128 CARL SANDBURG CIR,SACRAMENTO,95842,3,1,1009,Residential,1211155200000000000,198000
422,1 KENNELFORD CIR,SACRAMENTO,95823,3,2,1144,Residential,1211155200000000000,200345
423,909 SINGINGWOOD RD,SACRAMENTO,95864,2,1,930,Residential,1211155200000000000,203000
424,6671 FOXWOOD CT,SACRAMENTO,95841,4,2,1766,Residential,1211155200000000000,207000
425,8165 AYN RAND CT,SACRAMENTO,95828,4,3,1940,Residential,1211155200000000000,208000
426,9474 VILLAGE TREE DR,ELK GROVE,95758,4,2,1776,Residential,1211155200000000000,210000
427,7213 CALVIN DR,CITRUS HEIGHTS,95621,3,1,1258,Residential,1211155200000000000,212000
428,8167 DERBY PARK CT,SACRAMENTO,95828,4,2,1872,Residential,1211155200000000000,213675
429,6344 LAGUNA MIRAGE LN,ELK GROVE,95758,2,2,1112,Residential,1211155200000000000,213697
430,2945 RED HAWK WAY,SACRAMENTO,95833,4,2,1856,Residential,1211155200000000000,215000
431,3228 I ST,SACRAMENTO,95816,4,3,1939,Residential,1211155200000000000,215000
432,308 ATKINSON ST,ROSEVILLE,95678,3,1,998,Residential,1211155200000000000,215100
433,624 HOVEY WAY,ROSEVILLE,95678,3,2,1758,Residential,1211155200000000000,217500
434,110 COPPER LEAF WAY,SACRAMENTO,95838,3,2,2142,Residential,1211155200000000000,218000
435,7535 ALMA VISTA WAY,SACRAMENTO,95831,2,1,950,Residential,1211155200000000000,220000
436,7423 WILSALL CT,ELK GROVE,95758,4,3,1739,Residential,1211155200000000000,221000
437,8629 VIA ALTA WAY,ELK GROVE,95624,3,2,1516,Residential,1211155200000000000,222900
438,3318 DAVIDSON DR,ANTELOPE,95843,3,1,988,Residential,1211155200000000000,223139
439,913 COBDEN CT,GALT,95632,4,2,1555,Residential,1211155200000000000,225500
440,4419 79TH ST,SACRAMENTO,95820,3,2,1212,Residential,1211155200000000000,228327
441,3012 SPOONWOOD WAY,SACRAMENTO,95833,4,2,1871,Residential,1211155200000000000,230000
442,8728 CRYSTAL RIVER WAY,SACRAMENTO,95828,3,2,1302,Residential,1211155200000000000,230000
443,4709 AMBER LN Unit 1,SACRAMENTO,95841,2,1,756,Condo,1211155200000000000,230522
444,4508 OLD DAIRY DR,ANTELOPE,95843,4,3,2026,Residential,1211155200000000000,231200
445,312 RIVER ISLE WAY,SACRAMENTO,95831,3,2,1375,Residential,1211155200000000000,232000
446,301 OLIVADI WAY,SACRAMENTO,95834,2,2,1250,Condo,1211155200000000000,232500
447,5636 25TH ST,SACRAMENTO,95822,3,1,1058,Residential,1211155200000000000,233641
448,8721 SPRUCE RIDGE WAY,ANTELOPE,95843,3,2,1187,Residential,1211155200000000000,234000
449,7461 WINDBRIDGE DR,SACRAMENTO,95831,2,2,1324,Residential,1211155200000000000,234500
450,8101 LEMON COVE CT,SACRAMENTO,95828,4,3,1936,Residential,1211155200000000000,235000
451,10949 SCOTSMAN WAY,RANCHO CORDOVA,95670,5,4,2382,Multi-Family,1211155200000000000,236000
452,617 WILLOW CREEK DR,FOLSOM,95630,3,2,1427,Residential,1211155200000000000,236073
453,3301 PARK DR Unit 1914,SACRAMENTO,95835,3,2,1678,Condo,1211155200000000000,238000
454,709 CIMMARON CT,GALT,95632,4,2,1798,Residential,1211155200000000000,238861
455,3305 RIO ROCA CT,ANTELOPE,95843,4,3,2652,Residential,1211155200000000000,239700
456,9080 BEDROCK CT,SACRAMENTO,95829,4,2,1816,Residential,1211155200000000000,240000
457,100 TOURMALINE CIR,SACRAMENTO,95834,5,3,3076,Residential,1211155200000000000,240000
458,6411 RED BIRCH WAY,ELK GROVE,95758,4,2,1844,Residential,1211155200000000000,241000
459,4867 LAGUNA DR,SACRAMENTO,95823,3,2,1306,Residential,1211155200000000000,245000
460,3662 RIVER DR,SACRAMENTO,95833,4,3,2447,Residential,1211155200000000000,246000
461,6943 WOLFGRAM WAY,SACRAMENTO,95828,4,2,1176,Residential,1211155200000000000,247234
462,77 RINETTI WAY,RIO LINDA,95673,4,2,1182,Residential,1211155200000000000,247480
463,1316 I ST,RIO LINDA,95673,3,1,1160,Residential,1211155200000000000,249862
464,2130 CATHERWOOD WAY,SACRAMENTO,95835,3,2,1424,Residential,1211155200000000000,251000
465,8304 JUGLANS DR,ORANGEVALE,95662,4,2,1574,Residential,1211155200000000000,252155
466,5308 MARBURY WAY,ANTELOPE,95843,3,2,1830,Residential,1211155200000000000,254172
467,9182 LAKEMONT DR,ELK GROVE,95624,4,2,1724,Residential,1211155200000000000,258000
468,2231 COUNTRY VILLA CT,AUBURN,95603,2,2,1255,Condo,1211155200000000000,260000
470,361 MAHONIA CIR,SACRAMENTO,95835,4,3,2175,Residential,1211155200000000000,261000
471,3427 LA CADENA WAY,SACRAMENTO,95835,4,2,1904,Residential,1211155200000000000,261000
472,955 BIG SUR CT,EL DORADO HILLS,95762,4,2,1808,Residential,1211155200000000000,262500
473,11826 DIONYSUS WAY,RANCHO CORDOVA,95742,4,2,2711,Residential,1211155200000000000,266000
474,5847 DEL CAMPO LN,CARMICHAEL,95608,3,1,1713,Residential,1211155200000000000,266000
475,5635 FOXVIEW WAY,ELK GROVE,95757,3,2,1457,Residential,1211155200000000000,270000
476,10372 VIA CINTA CT,ELK GROVE,95757,4,3,2724,Residential,1211155200000000000,274425
478,7744 SOUTHBREEZE DR,SACRAMENTO,95828,3,2,1468,Residential,1211155200000000000,275336
479,2242 ABLE WAY,SACRAMENTO,95835,4,3,2550,Residential,1211155200000000000,277980
480,1042 STARBROOK DR,GALT,95632,4,2,1928,Residential,1211155200000000000,280000
481,1219 G ST,SACRAMENTO,95814,3,3,1922,Residential,1211155200000000000,284686
482,6220 OPUS CT,CITRUS HEIGHTS,95621,3,2,1343,Residential,1211155200000000000,284893
483,5419 HAVENHURST CIR,ROCKLIN,95677,3,2,1510,Residential,1211155200000000000,285000
484,220 OLD AIRPORT RD,AUBURN,95603,2,2,960,Multi-Family,1211155200000000000,285000
485,4622 MEYER WAY,CARMICHAEL,95608,4,2,1559,Residential,1211155200000000000,285000
486,4885 SUMMIT VIEW DR,EL DORADO,95623,3,2,1624,Residential,1211155200000000000,289000
487,26 JEANROSS CT,SACRAMENTO,95832,5,3,2992,Residential,1211155200000000000,295000
488,4800 MAPLEPLAIN AVE,ELK GROVE,95758,4,2,2109,Residential,1211155200000000000,296000
489,10629 BASIE WAY,RANCHO CORDOVA,95670,4,2,1524,Residential,1211155200000000000,296056
490,8612 WILLOW GROVE WAY,SACRAMENTO,95828,3,2,1248,Residential,1211155200000000000,297359
491,62 DE FER CIR,SACRAMENTO,95823,4,2,1876,Residential,1211155200000000000,299940
493,3253 ABOTO WAY,RANCHO CORDOVA,95670,4,3,1851,Residential,1211155200000000000,305000
495,251 CHANGO CIR,SACRAMENTO,95835,4,2,2218,Residential,1211155200000000000,311328
496,8205 WEYBURN CT,SACRAMENTO,95828,3,2,1394,Residential,1211155200000000000,313138
497,8788 LA MARGARITA WAY,SACRAMENTO,95828,3,2,1410,Residential,1211155200000000000,316630
498,5912 DEEPDALE WAY,ELK GROVE,95758,5,3,3468,Residential,1211155200000000000,320000
499,4712 PISMO BEACH DR,ANTELOPE,95843,5,3,2346,Residential,1211155200000000000,320000
500,4741 PACIFIC PARK DR,ANTELOPE,95843,5,3,2347,Residential,1211155200000000000,325000
501,310 GROTH CIR,SACRAMENTO,95834,4,2,1659,Residential,1211155200000000000,328578
502,6121 WILD FOX CT,ELK GROVE,95757,3,3,2442,Residential,1211155200000000000,331000
504,29 COOL FOUNTAIN CT,SACRAMENTO,95833,4,2,2155,Residential,1211155200000000000,340000
506,8909 BILLFISH WAY,SACRAMENTO,95828,3,2,1810,Residential,1211155200000000000,345746
507,6232 GUS WAY,ELK GROVE,95757,4,2,2789,Residential,1211155200000000000,351000
508,200 OAKWILDE ST,GALT,95632,4,2,1606,Residential,1211155200000000000,353767
510,200 ALLAIRE CIR,SACRAMENTO,95835,4,2,2166,Residential,1211155200000000000,356035
512,5479 NICKMAN WAY,SACRAMENTO,95835,4,2,1871,Residential,1211155200000000000,360552
513,2103 BURBERRY WAY,SACRAMENTO,95835,3,2,1800,Residential,1211155200000000000,362305
514,2450 SAN JOSE WAY,SACRAMENTO,95817,3,1,1683,Residential,1211155200000000000,365000
517,2802 BLACK OAK DR,ROCKLIN,95765,2,2,1596,Residential,1211155200000000000,370000
519,10112 LAMBEAU CT,ELK GROVE,95757,3,2,1179,Residential,1211155200000000000,378000
521,3622 CURTIS DR,SACRAMENTO,95818,3,1,1639,Residential,1211155200000000000,388000
522,11817 OPAL RIDGE WAY,RANCHO CORDOVA,95742,5,3,3281,Residential,1211155200000000000,395100
523,170 LAGOMARSINO WAY,SACRAMENTO,95819,3,2,1697,Residential,1211155200000000000,400000
525,3361 ALDER CANYON WAY,ANTELOPE,95843,4,3,2085,Residential,1211155200000000000,408431
527,398 LINDLEY DR,SACRAMENTO,95815,4,2,1744,Multi-Family,1211155200000000000,416767
529,169 BAURER CIR,FOLSOM,95630,4,3,1939,Residential,1211155200000000000,423000
531,1315 KONDOS AVE,SACRAMENTO,95814,2,3,1788,Residential,1211155200000000000,427500
532,4966 CHARTER RD,ROCKLIN,95765,3,2,1691,Residential,1211155200000000000,430922
533,9516 LAGUNA LAKE WAY,ELK GROVE,95758,4,2,2002,Residential,1211155200000000000,445000
534,5201 BLOSSOM RANCH DR,ELK GROVE,95757,4,4,4303,Residential,1211155200000000000,450000
535,3027 PALMATE WAY,SACRAMENTO,95834,5,3,4246,Residential,1211155200000000000,452000
536,500 WINCHESTER CT,ROSEVILLE,95661,3,2,2274,Residential,1211155200000000000,470000
538,6935 ELM TREE LN,ORANGEVALE,95662,4,4,3056,Residential,1211155200000000000,475000
539,9605 GOLF COURSE LN,ELK GROVE,95758,3,3,2503,Residential,1211155200000000000,484500
542,100 CHELSEA CT,FOLSOM,95630,3,2,1905,Residential,1211155200000000000,500000
543,1500 ORANGE HILL LN,PENRYN,95663,3,2,1320,Residential,1211155200000000000,506688
546,2049 EMPIRE MINE CIR,GOLD RIVER,95670,4,2,3037,Residential,1211155200000000000,528000
547,9360 MAGOS RD,WILTON,95693,5,2,3741,Residential,1211155200000000000,579093
548,104 CATLIN CT,FOLSOM,95630,4,3,2660,Residential,1211155200000000000,636000
549,4734 GIBBONS DR,CARMICHAEL,95608,4,3,3357,Residential,1211155200000000000,668365
550,4629 DORCHESTER LN,GRANITE BAY,95746,5,3,2896,Residential,1211155200000000000,676200
551,2400 COUNTRYSIDE DR,PLACERVILLE,95667,3,2,2025,Residential,1211155200000000000,677048
552,12901 FURLONG DR,WILTON,95693,5,3,3788,Residential,1211155200000000000,691659
553,6222 CALLE MONTALVO CIR,GRANITE BAY,95746,5,3,3670,Residential,1211155200000000000,760000
603,8208 WOODYARD WAY,CITRUS HEIGHTS,95621,3,2,1166,Residential,1210896000000000000,30000
605,15 LOORZ CT,SACRAMENTO,95823,2,1,838,Residential,1210896000000000000,55422
606,5805 DOTMAR WAY,NORTH HIGHLANDS,95660,2,1,904,Residential,1210896000000000000,63000
607,2332 CAMBRIDGE ST,SACRAMENTO,95815,2,1,1032,Residential,1210896000000000000,65000
608,3812 BELDEN ST,SACRAMENTO,95838,2,1,904,Residential,1210896000000000000,65000
609,3348 40TH ST,SACRAMENTO,95817,2,1,1080,Residential,1210896000000000000,65000
610,127 QUASAR CIR,SACRAMENTO,95822,2,2,990,Residential,1210896000000000000,66500
611,3812 CYPRESS ST,SACRAMENTO,95838,2,1,900,Residential,1210896000000000000,71000
612,5821 64TH ST,SACRAMENTO,95824,2,1,861,Residential,1210896000000000000,75000
613,8248 CENTER PKWY,SACRAMENTO,95823,2,1,906,Condo,1210896000000000000,77000
614,1171 SONOMA AVE,SACRAMENTO,95815,2,1,1011,Residential,1210896000000000000,85000
615,4250 ARDWELL WAY,SACRAMENTO,95823,3,2,1089,Residential,1210896000000000000,95625
616,3104 CLAY ST,SACRAMENTO,95815,2,1,832,Residential,1210896000000000000,96140
617,6063 LAND PARK DR,SACRAMENTO,95822,2,1,800,Condo,1210896000000000000,104250
618,4738 OAKHOLLOW DR,SACRAMENTO,95842,4,2,1292,Residential,1210896000000000000,105000
619,1401 STERLING ST,SACRAMENTO,95822,2,1,810,Residential,1210896000000000000,108000
620,3715 DIDCOT CIR,SACRAMENTO,95838,4,2,1064,Residential,1210896000000000000,109000
621,2426 RASHAWN DR,RANCHO CORDOVA,95670,2,1,911,Residential,1210896000000000000,115000
622,4800 WESTLAKE PKWY Unit 410,SACRAMENTO,95835,1,1,846,Condo,1210896000000000000,115000
623,3409 VIRGO ST,SACRAMENTO,95827,3,2,1320,Residential,1210896000000000000,115500
624,1110 PINEDALE AVE,SACRAMENTO,95838,3,2,1410,Residential,1210896000000000000,115620
625,2361 LA LOMA DR,RANCHO CORDOVA,95670,3,2,1115,Residential,1210896000000000000,116000
626,1455 64TH AVE,SACRAMENTO,95822,3,2,1169,Residential,1210896000000000000,122000
627,7328 SPRINGMAN ST,SACRAMENTO,95822,3,2,1164,Residential,1210896000000000000,122500
628,119 SAINT MARIE CIR,SACRAMENTO,95823,4,2,1341,Residential,1210896000000000000,123000
629,12 COSTA BRASE CT,SACRAMENTO,95838,3,2,1219,Residential,1210896000000000000,124000
630,6813 SCOTER WAY,SACRAMENTO,95842,4,2,1127,Residential,1210896000000000000,124000
631,6548 GRAYLOCK LN,NORTH HIGHLANDS,95660,3,2,1272,Residential,1210896000000000000,124413
632,1630 GLIDDEN AVE,SACRAMENTO,95822,4,2,1253,Residential,1210896000000000000,125000
633,7825 DALEWOODS WAY,SACRAMENTO,95828,3,2,1120,Residential,1210896000000000000,130000
634,4073 TRESLER AVE,NORTH HIGHLANDS,95660,2,2,1118,Residential,1210896000000000000,131750
635,4288 DYMIC WAY,SACRAMENTO,95838,4,3,1890,Residential,1210896000000000000,137721
636,1158 SAN IGNACIO WAY,SACRAMENTO,95833,3,2,1260,Residential,1210896000000000000,137760
637,4904 J PKWY,SACRAMENTO,95823,3,2,1400,Residential,1210896000000000000,138000
638,2931 HOWE AVE,SACRAMENTO,95821,3,1,1264,Residential,1210896000000000000,140000
639,5531 JANSEN DR,SACRAMENTO,95824,3,1,1060,Residential,1210896000000000000,145000
640,7836 ORCHARD WOODS CIR,SACRAMENTO,95828,2,2,1132,Residential,1210896000000000000,145000
641,4055 DEERBROOK DR,SACRAMENTO,95823,3,2,1466,Residential,1210896000000000000,150000
642,9937 BURLINE ST,SACRAMENTO,95827,3,2,1092,Residential,1210896000000000000,150000
643,6948 MIRADOR WAY,SACRAMENTO,95828,4,2,1628,Residential,1210896000000000000,151000
644,4909 RUGER CT,SACRAMENTO,95842,3,2,960,Residential,1210896000000000000,155000
645,7204 KERSTEN ST,CITRUS HEIGHTS,95621,3,2,1075,Residential,1210896000000000000,155800
646,3150 ROSEMONT DR,SACRAMENTO,95826,3,2,1428,Residential,1210896000000000000,156142
647,8200 STEINBECK WAY,SACRAMENTO,95828,4,2,1358,Residential,1210896000000000000,158000
648,8198 STEVENSON AVE,SACRAMENTO,95828,6,4,2475,Multi-Family,1210896000000000000,159900
649,6824 OLIVE TREE WAY,CITRUS HEIGHTS,95610,3,2,1410,Residential,1210896000000000000,160000
650,3536 SUN MAIDEN WAY,ANTELOPE,95843,3,2,1711,Residential,1210896000000000000,161500
651,4517 OLYMPIAD WAY,SACRAMENTO,95826,4,2,1483,Residential,1210896000000000000,161600
652,925 COBDEN CT,GALT,95632,3,2,1140,Residential,1210896000000000000,162000
653,8225 SCOTTSDALE DR,SACRAMENTO,95828,4,2,1549,Residential,1210896000000000000,165000
654,8758 LEMAS RD,SACRAMENTO,95828,3,2,1410,Residential,1210896000000000000,165000
655,6121 ALPINESPRING WAY,ELK GROVE,95758,3,2,1240,Residential,1210896000000000000,167293
656,5937 YORK GLEN WAY,SACRAMENTO,95842,5,2,1712,Residential,1210896000000000000,168000
657,6417 SUNNYFIELD WAY,SACRAMENTO,95823,4,2,1580,Residential,1210896000000000000,168000
658,4008 GREY LIVERY WAY,ANTELOPE,95843,3,2,1669,Residential,1210896000000000000,168750
659,8920 ROSETTA CIR,SACRAMENTO,95826,3,1,1029,Residential,1210896000000000000,168750
660,8300 LICHEN DR,CITRUS HEIGHTS,95621,3,1,1103,Residential,1210896000000000000,170000
661,8884 AMBERJACK WAY,SACRAMENTO,95828,3,2,2161,Residential,1210896000000000000,170250
662,4480 VALLEY HI DR,SACRAMENTO,95823,3,2,1650,Residential,1210896000000000000,173000
663,2250 FOREBAY RD,POLLOCK PINES,95726,3,1,1320,Residential,1210896000000000000,175000
664,3529 FABERGE WAY,SACRAMENTO,95826,3,2,1200,Residential,1210896000000000000,176095
665,1792 DAWNELLE WAY,SACRAMENTO,95835,3,2,1170,Residential,1210896000000000000,176250
666,7800 TABARE CT,CITRUS HEIGHTS,95621,3,2,1199,Residential,1210896000000000000,178000
667,8531 HERMITAGE WAY,SACRAMENTO,95823,4,2,1695,Residential,1210896000000000000,179000
668,2421 BERRYWOOD DR,RANCHO CORDOVA,95670,3,2,1157,Residential,1210896000000000000,180000
669,1005 MORENO WAY,SACRAMENTO,95838,3,2,1410,Residential,1210896000000000000,180000
670,1675 VERNON ST Unit 24,ROSEVILLE,95678,3,2,1174,Residential,1210896000000000000,180000
671,24 WINDCHIME CT,SACRAMENTO,95823,3,2,1593,Residential,1210896000000000000,181000
672,540 HARLING CT,RIO LINDA,95673,3,2,1093,Residential,1210896000000000000,182000
673,1207 CRESCENDO DR,ROSEVILLE,95678,3,2,1770,Residential,1210896000000000000,182587
674,7577 EDDYLEE WAY,SACRAMENTO,95822,4,2,1436,Residential,1210896000000000000,185074
675,8369 FOPPIANO WAY,SACRAMENTO,95829,3,2,1124,Residential,1210896000000000000,185833
676,8817 SAWTELLE WAY,SACRAMENTO,95826,4,2,1139,Residential,1210896000000000000,186785
677,1910 BONAVISTA WAY,SACRAMENTO,95832,3,2,1638,Residential,1210896000000000000,187000
678,8 TIDE CT,SACRAMENTO,95833,3,2,1328,Residential,1210896000000000000,188335
679,8952 ROCKY CREEK CT,ELK GROVE,95758,3,2,1273,Residential,1210896000000000000,190000
680,435 EXCHANGE ST,SACRAMENTO,95838,3,1,1082,Residential,1210896000000000000,190000
681,10105 MONTE VALLO CT,SACRAMENTO,95827,4,2,1578,Residential,1210896000000000000,190000
682,3930 ANNABELLE AVE,ROSEVILLE,95661,2,1,796,Residential,1210896000000000000,190000
683,4854 TANGERINE AVE,SACRAMENTO,95823,3,2,1386,Residential,1210896000000000000,191250
684,2909 SHAWN WAY,RANCHO CORDOVA,95670,3,2,1452,Residential,1210896000000000000,193000
685,4290 BLACKFORD WAY,SACRAMENTO,95823,3,2,1513,Residential,1210896000000000000,193500
687,7015 WOODSIDE DR,SACRAMENTO,95842,4,2,1578,Residential,1210896000000000000,195000
688,6019 CHESHIRE WAY,CITRUS HEIGHTS,95610,4,3,1736,Residential,1210896000000000000,195000
690,2561 VERNA WAY,SACRAMENTO,95821,3,1,1473,Residential,1210896000000000000,195000
691,3522 22ND AVE,SACRAMENTO,95820,3,1,1150,Residential,1210896000000000000,198000
692,2880 CANDIDO DR,SACRAMENTO,95833,3,2,1127,Residential,1210896000000000000,199900
693,6908 PIN OAK CT,FAIR OAKS,95628,3,1,1144,Residential,1210896000000000000,200000
694,5733 ANGELINA AVE,CARMICHAEL,95608,3,1,972,Residential,1210896000000000000,201000
695,7849 BONNY DOWNS WAY,ELK GROVE,95758,4,2,2306,Residential,1210896000000000000,204918
696,8716 LONGSPUR WAY,ANTELOPE,95843,3,2,1479,Residential,1210896000000000000,205000
697,6320 EL DORADO ST,EL DORADO,95623,2,1,1040,Residential,1210896000000000000,205000
698,2328 DOROTHY JUNE WAY,SACRAMENTO,95838,3,2,1430,Residential,1210896000000000000,205878
699,1986 DANVERS WAY,SACRAMENTO,95832,4,2,1800,Residential,1210896000000000000,207000
700,7901 GAZELLE TRAIL WAY,ANTELOPE,95843,4,2,1953,Residential,1210896000000000000,207744
701,6080 BRIDGECROSS DR,SACRAMENTO,95835,3,2,1120,Residential,1210896000000000000,209000
702,20 GROTH CIR,SACRAMENTO,95834,3,2,1232,Residential,1210896000000000000,210000
705,8442 KEUSMAN ST,ELK GROVE,95758,4,2,2329,Residential,1210896000000000000,213750
706,9552 SUNLIGHT LN,ELK GROVE,95758,3,2,1351,Residential,1210896000000000000,215000
708,1407 TIFFANY CIR,ROSEVILLE,95661,4,1,1376,Residential,1210896000000000000,215000
709,636 CRESTVIEW DR,DIAMOND SPRINGS,95619,3,2,1300,Residential,1210896000000000000,216033
710,1528 HESKET WAY,SACRAMENTO,95825,4,2,1566,Residential,1210896000000000000,220000
711,2327 32ND ST,SACRAMENTO,95817,2,1,1115,Residential,1210896000000000000,220000
712,1833 2ND AVE,SACRAMENTO,95818,2,1,1032,Residential,1210896000000000000,220000
713,7252 CARRIAGE DR,CITRUS HEIGHTS,95621,4,2,1419,Residential,1210896000000000000,220000
714,9815 PASO FINO WAY,ELK GROVE,95757,3,2,1261,Residential,1210896000000000000,220000
715,5532 ENGLE RD,CARMICHAEL,95608,2,2,1637,Residential,1210896000000000000,220702
716,1139 CLINTON RD,SACRAMENTO,95825,4,2,1776,Multi-Family,1210896000000000000,221250
717,9176 SAGE GLEN WAY,ELK GROVE,95758,3,2,1338,Residential,1210896000000000000,222000
719,9264 BOULDER RIVER WAY,ELK GROVE,95624,5,2,2254,Residential,1210896000000000000,222750
720,320 GROTH CIR,SACRAMENTO,95834,3,2,1441,Residential,1210896000000000000,225000
721,137 GUNNISON AVE,SACRAMENTO,95838,4,2,1991,Residential,1210896000000000000,225000
722,8209 RIVALLO WAY,SACRAMENTO,95829,4,3,2126,Residential,1210896000000000000,228750
723,8637 PERIWINKLE CIR,ELK GROVE,95624,3,2,1094,Residential,1210896000000000000,229000
724,3425 MEADOW WAY,ROCKLIN,95677,3,2,1462,Residential,1210896000000000000,230095
725,107 JARVIS CIR,SACRAMENTO,95834,5,3,2258,Residential,1210896000000000000,232500
726,2319 THORES ST,RANCHO CORDOVA,95670,3,2,1074,Residential,1210896000000000000,233000
727,8935 MOUNTAIN HOME CT,ELK GROVE,95624,4,2,2111,Residential,1210896000000000000,233500
728,2566 SERENATA WAY,SACRAMENTO,95835,3,2,1686,Residential,1210896000000000000,239000
729,4085 COUNTRY DR,ANTELOPE,95843,4,3,1915,Residential,1210896000000000000,240000
730,9297 TROUT WAY,ELK GROVE,95624,4,2,2367,Residential,1210896000000000000,240000
731,7 ARCHIBALD CT,SACRAMENTO,95823,3,2,1962,Residential,1210896000000000000,240971
732,11130 EEL RIVER CT,RANCHO CORDOVA,95670,2,2,1406,Residential,1210896000000000000,242000
733,8323 REDBANK WAY,SACRAMENTO,95829,3,2,1789,Residential,1210896000000000000,243450
734,16 BRONCO CREEK CT,SACRAMENTO,95835,4,2,1876,Residential,1210896000000000000,243500
735,8316 NORTHAM DR,ANTELOPE,95843,3,2,1235,Residential,1210896000000000000,246544
736,4240 WINJE DR,ANTELOPE,95843,4,2,2504,Residential,1210896000000000000,246750
738,5118 ROBANDER ST,CARMICHAEL,95608,3,2,1676,Residential,1210896000000000000,247000
739,5976 KYLENCH CT,CITRUS HEIGHTS,95621,3,2,1367,Residential,1210896000000000000,249000
740,9247 DELAIR WAY,ELK GROVE,95758,4,3,1899,Residential,1210896000000000000,249000
741,9054 DESCENDANT DR,ELK GROVE,95758,3,2,1636,Residential,1210896000000000000,250000
742,3450 WHITNOR CT,SACRAMENTO,95821,3,2,1828,Residential,1210896000000000000,250000
744,9355 MATADOR WAY,SACRAMENTO,95826,4,2,1438,Residential,1210896000000000000,252000
745,8671 SUMMER SUN WAY,ELK GROVE,95624,3,2,1451,Residential,1210896000000000000,255000
746,1890 GENEVA PL,SACRAMENTO,95825,3,1,1520,Residential,1210896000000000000,255000
747,1813 AVENIDA MARTINA,ROSEVILLE,95747,3,2,1506,Residential,1210896000000000000,255000
748,191 BARNHART CIR,SACRAMENTO,95835,4,2,2605,Residential,1210896000000000000,257200
749,6221 GREEN TOP WAY,ORANGEVALE,95662,3,2,1196,Residential,1210896000000000000,260000
750,2298 PRIMROSE LN,LINCOLN,95648,3,2,1621,Residential,1210896000000000000,260000
751,5635 LOS PUEBLOS WAY,SACRAMENTO,95835,3,2,1811,Residential,1210896000000000000,263500
752,10165 LOFTON WAY,ELK GROVE,95757,3,2,1540,Residential,1210896000000000000,266510
758,9949 NESTLING CIR,ELK GROVE,95757,3,2,1543,Residential,1210896000000000000,275000
759,2915 HOLDREGE WAY,SACRAMENTO,95835,5,3,2494,Residential,1210896000000000000,276000
760,2678 BRIARTON DR,LINCOLN,95648,3,2,1650,Residential,1210896000000000000,276500
761,294 SPARROW DR,GALT,95632,4,3,2214,Residential,1210896000000000000,278000
762,2987 DIORITE WAY,SACRAMENTO,95835,5,3,2280,Residential,1210896000000000000,279000
763,6326 APPIAN WAY,CARMICHAEL,95608,3,2,1443,Residential,1210896000000000000,280000
764,6905 COBALT WAY,CITRUS HEIGHTS,95621,4,2,1582,Residential,1210896000000000000,280000
765,8986 HAFLINGER WAY,ELK GROVE,95757,3,2,1857,Residential,1210896000000000000,285000
766,2916 BABSON DR,ELK GROVE,95758,3,2,1735,Residential,1210896000000000000,288000
767,10133 NEBBIOLO CT,ELK GROVE,95624,4,3,2096,Residential,1210896000000000000,289000
768,1103 COMMONS DR,SACRAMENTO,95825,3,2,1720,Residential,1210896000000000000,290000
769,4636 TEAL BAY CT,ANTELOPE,95843,4,2,2160,Residential,1210896000000000000,290000
770,1524 YOUNGS AVE,SACRAMENTO,95838,4,2,1382,Residential,1210896000000000000,293996
772,8463 TERRACOTTA CT,ELK GROVE,95624,4,2,1721,Residential,1210896000000000000,294173
773,5747 KING RD,LOOMIS,95650,4,2,1328,Residential,1210896000000000000,295000
775,9204 TROUT WAY,ELK GROVE,95624,4,2,1982,Residential,1210896000000000000,298000
776,1828 2ND AVE,SACRAMENTO,95818,2,1,1144,Residential,1210896000000000000,299000
777,1113 COMMONS DR,SACRAMENTO,95825,2,2,1623,Residential,1210896000000000000,300000
778,2341 BIG STRIKE TRL,COOL,95614,3,2,1457,Residential,1210896000000000000,300000
779,9452 RED SPRUCE WAY,ELK GROVE,95624,6,3,2555,Residential,1210896000000000000,300000
780,5776 TERRACE DR,ROCKLIN,95765,3,2,1577,Residential,1210896000000000000,300567
781,5908 MCLEAN DR,ELK GROVE,95757,5,3,2592,Residential,1210896000000000000,303000
782,8215 PEREGRINE WAY,CITRUS HEIGHTS,95610,3,2,1401,Residential,1210896000000000000,305000
784,2949 PANAMA AVE,CARMICHAEL,95608,3,2,1502,Residential,1210896000000000000,310000
785,1356 HARTLEY WAY,FOLSOM,95630,3,2,1327,Residential,1210896000000000000,310000
786,633 HANISCH DR,ROSEVILLE,95678,4,3,1800,Residential,1210896000000000000,310000
787,63 ANGEL ISLAND CIR,SACRAMENTO,95831,4,2,2169,Residential,1210896000000000000,311518
788,1571 WILD OAK LN,LINCOLN,95648,5,3,2457,Residential,1210896000000000000,312000
790,5601 SPINDRIFT LN,ORANGEVALE,95662,4,2,2004,Residential,1210896000000000000,315000
791,652 FIFTEEN MILE DR,ROSEVILLE,95678,4,3,2212,Residential,1210896000000000000,315000
792,7921 DOE TRAIL WAY,ANTELOPE,95843,5,3,3134,Residential,1210896000000000000,315000
793,4204 LUSK DR,SACRAMENTO,95864,3,2,1360,Residential,1210896000000000000,315000
795,5608 ROSEDALE WAY,SACRAMENTO,95822,3,2,1276,Residential,1210896000000000000,320000
796,3372 BERETANIA WAY,SACRAMENTO,95834,4,3,2962,Residential,1210896000000000000,322000
797,2422 STEFANIE DR,ROCKLIN,95765,4,2,1888,Residential,1210896000000000000,325000
800,1214 DAWNWOOD DR,GALT,95632,3,2,1548,Residential,1210896000000000000,328370
802,3349 CORVINA DR,RANCHO CORDOVA,95670,4,3,2109,Residential,1210896000000000000,330000
803,10254 JULIANA WAY,SACRAMENTO,95827,4,2,2484,Residential,1210896000000000000,331200
804,149 OPUS CIR,SACRAMENTO,95834,4,3,2258,Residential,1210896000000000000,332000
805,580 REGENCY PARK CIR,SACRAMENTO,95835,3,3,2212,Residential,1210896000000000000,334000
806,5544 CAMAS CT,ORANGEVALE,95662,3,2,1616,Residential,1210896000000000000,335000
807,5102 ARCHCREST WAY,SACRAMENTO,95835,4,2,2372,Residential,1210896000000000000,341000
808,5725 BALFOR RD,ROCKLIN,95765,5,3,2606,Residential,1210896000000000000,346375
810,4821 HUTSON WAY,ELK GROVE,95757,5,3,2877,Residential,1210896000000000000,349000
811,4509 WINJE DR,ANTELOPE,95843,3,2,2960,Residential,1210896000000000000,350000
813,6709 ROSE BRIDGE DR,ROSEVILLE,95678,3,2,2172,Residential,1210896000000000000,350000
814,281 SPYGLASS HL,ROSEVILLE,95678,3,2,2100,Condo,1210896000000000000,350000
815,7709 RIVER VILLAGE DR,SACRAMENTO,95831,3,2,1795,Residential,1210896000000000000,351000
817,506 BEDFORD CT,ROSEVILLE,95661,4,2,2295,Residential,1210896000000000000,360000
818,9048 PINTO CANYON WAY,ROSEVILLE,95747,4,3,2577,Residential,1210896000000000000,367463
820,14004 WALNUT AVE,WALNUT GROVE,95690,3,1,1727,Residential,1210896000000000000,380000
821,6905 FRANKFORT CT,ELK GROVE,95758,3,2,1485,Residential,1210896000000000000,380578
822,3621 WINTUN DR,CARMICHAEL,95608,3,2,1655,Residential,1210896000000000000,386222
825,1975 SIDESADDLE WAY,ROSEVILLE,95661,3,2,2049,Residential,1210896000000000000,395500
827,9677 PILLITERI CT,ELK GROVE,95757,5,3,2875,Residential,1210896000000000000,397000
829,556 PLATT CIR,EL DORADO HILLS,95762,4,2,2199,Residential,1210896000000000000,400000
831,1124 PERKINS WAY,SACRAMENTO,95818,2,1,1304,Residential,1210896000000000000,413500
832,4748 SALEM WAY,CARMICHAEL,95608,3,2,2334,Residential,1210896000000000000,415000
833,1484 RADCLIFFE WAY,AUBURN,95603,4,3,2278,Residential,1210896000000000000,420454
834,51 AIKEN WAY,SACRAMENTO,95819,3,1,1493,Residential,1210896000000000000,425000
838,700 HUNTER PL,FOLSOM,95630,5,3,2787,Residential,1210896000000000000,441000
839,1240 FAY CIR,SACRAMENTO,95831,5,3,2824,Residential,1210896000000000000,445000
840,1113 SANDWICK WAY,FOLSOM,95630,4,3,3261,Residential,1210896000000000000,446000
841,3108 DELWOOD WAY,SACRAMENTO,95821,4,2,2053,Residential,1210896000000000000,450000
842,3212 CORNICHE LN,ROSEVILLE,95661,4,3,2379,Residential,1210896000000000000,455000
849,8217 PLUMERIA AVE,FAIR OAKS,95628,3,2,3173,Residential,1210896000000000000,525000
851,3863 LAS PASAS WAY,SACRAMENTO,95864,3,1,1348,Residential,1210896000000000000,545000
853,1165 37TH ST,SACRAMENTO,95816,2,1,1252,Residential,1210896000000000000,575000
854,203 CASCADE FALLS DR,FOLSOM,95630,4,3,3229,Residential,1210896000000000000,575000
855,9880 IZILDA CT,SACRAMENTO,95829,5,4,3863,Residential,1210896000000000000,598695
858,620 KESWICK CT,GRANITE BAY,95746,4,3,2356,Residential,1210896000000000000,600000
860,8432 BRIGGS DR,ROSEVILLE,95747,5,3,3579,Residential,1210896000000000000,610000
864,9401 BARREL RACER CT,WILTON,95693,4,3,4400,Residential,1210896000000000000,884790
866,14151 INDIO DR,SLOUGHHOUSE,95683,3,4,5822,Residential,1210896000000000000,2000
867,7401 TOULON LN,SACRAMENTO,95828,4,2,1512,Residential,1210809600000000000,56950
868,9127 NEWHALL DR Unit 34,SACRAMENTO,95826,1,1,611,Condo,1210809600000000000,60000
869,5937 BAMFORD DR,SACRAMENTO,95823,2,1,876,Residential,1210809600000000000,61000
870,5672 HILLSDALE BLVD,SACRAMENTO,95842,2,1,933,Condo,1210809600000000000,62000
871,3920 39TH ST,SACRAMENTO,95820,2,1,864,Residential,1210809600000000000,68566
872,701 JESSIE AVE,SACRAMENTO,95838,2,1,1011,Residential,1210809600000000000,70000
873,83 ARCADE BLVD,SACRAMENTO,95815,4,2,1158,Residential,1210809600000000000,80000
874,601 REGGINALD WAY,SACRAMENTO,95838,3,2,1092,Residential,1210809600000000000,85500
875,550 DEL VERDE CIR,SACRAMENTO,95833,2,1,956,Condo,1210809600000000000,92000
876,4113 DAYSTAR CT,SACRAMENTO,95824,2,2,1139,Residential,1210809600000000000,93600
877,7374 TISDALE WAY,SACRAMENTO,95822,3,1,1058,Residential,1210809600000000000,95000
878,3348 RIO LINDA BLVD,SACRAMENTO,95838,3,2,1040,Residential,1210809600000000000,97750
879,3935 LIMESTONE WAY,SACRAMENTO,95823,3,2,1354,Residential,1210809600000000000,104000
880,6208 GRATTAN WAY,NORTH HIGHLANDS,95660,3,1,1051,Residential,1210809600000000000,105000
881,739 E WOODSIDE LN Unit E,SACRAMENTO,95825,1,1,682,Condo,1210809600000000000,107666
882,4225 46TH AVE,SACRAMENTO,95824,3,1,1161,Residential,1210809600000000000,109000
883,1434 BELL AVE,SACRAMENTO,95838,3,1,1004,Residential,1210809600000000000,110000
884,5628 GEORGIA DR,NORTH HIGHLANDS,95660,3,1,1229,Residential,1210809600000000000,110000
885,7629 BETH ST,SACRAMENTO,95832,3,2,1249,Residential,1210809600000000000,112500
886,2277 BABETTE WAY,SACRAMENTO,95832,3,2,1161,Residential,1210809600000000000,114800
887,6561 WEATHERFORD WAY,SACRAMENTO,95823,3,1,1010,Residential,1210809600000000000,116000
889,5136 CABOT CIR,SACRAMENTO,95820,4,2,1462,Residential,1210809600000000000,121500
890,7730 ROBINETTE RD,SACRAMENTO,95828,3,2,1269,Residential,1210809600000000000,122000
891,87 LACAM CIR,SACRAMENTO,95820,2,2,1188,Residential,1210809600000000000,123675
892,1691 NOGALES ST,SACRAMENTO,95838,4,2,1570,Residential,1210809600000000000,126854
893,3118 42ND ST,SACRAMENTO,95817,3,2,1093,Residential,1210809600000000000,127059
894,7517 50TH AVE,SACRAMENTO,95828,3,1,962,Residential,1210809600000000000,128687
895,4071 EVALITA WAY,SACRAMENTO,95823,3,2,1089,Residential,1210809600000000000,129500
896,7928 36TH AVE,SACRAMENTO,95824,3,2,1127,Residential,1210809600000000000,130000
897,6631 DEMARET DR,SACRAMENTO,95822,4,2,1309,Residential,1210809600000000000,131750
898,7043 9TH AVE,RIO LINDA,95673,2,1,970,Residential,1210809600000000000,132000
899,97 KENNELFORD CIR,SACRAMENTO,95823,3,2,1144,Residential,1210809600000000000,134000
900,2636 TRONERO WAY,RANCHO CORDOVA,95670,3,1,1000,Residential,1210809600000000000,134000
902,3604 KODIAK WAY,ANTELOPE,95843,3,2,1206,Residential,1210809600000000000,142000
903,2149 COTTAGE WAY,SACRAMENTO,95825,3,1,1285,Residential,1210809600000000000,143012
904,8632 PRAIRIEWOODS DR,SACRAMENTO,95828,3,2,1543,Residential,1210809600000000000,145846
905,612 STONE BLVD,WEST SACRAMENTO,95691,2,1,884,Residential,1210809600000000000,147000
906,4180 12TH AVE,SACRAMENTO,95817,3,1,1019,Residential,1210809600000000000,148750
907,8025 ARROYO VISTA DR,SACRAMENTO,95823,4,2,1392,Residential,1210809600000000000,150000
908,5754 WALERGA RD Unit 4,SACRAMENTO,95842,2,1,924,Condo,1210809600000000000,150454
909,8 LA ROCAS CT,SACRAMENTO,95823,3,2,1217,Residential,1210809600000000000,151087
910,8636 LONGSPUR WAY,ANTELOPE,95843,3,2,1670,Residential,1210809600000000000,157296
911,1941 EXPEDITION WAY,SACRAMENTO,95832,3,2,1302,Residential,1210809600000000000,157500
912,4351 TURNBRIDGE DR,SACRAMENTO,95823,3,2,1488,Residential,1210809600000000000,160000
913,6513 HOLIDAY WAY,NORTH HIGHLANDS,95660,3,2,1373,Residential,1210809600000000000,160000
914,8321 MISTLETOE WAY,CITRUS HEIGHTS,95621,4,2,1381,Residential,1210809600000000000,161250
915,5920 VALLEY GLEN WAY,SACRAMENTO,95823,3,2,1265,Residential,1210809600000000000,164000
916,2601 SAN FERNANDO WAY,SACRAMENTO,95818,2,1,881,Residential,1210809600000000000,165000
918,8008 SAINT HELENA CT,SACRAMENTO,95829,4,2,1608,Residential,1210809600000000000,165750
919,6517 DONEGAL DR,CITRUS HEIGHTS,95621,3,1,1344,Residential,1210809600000000000,166000
920,1001 RIO NORTE WAY,SACRAMENTO,95834,3,2,1202,Residential,1210809600000000000,169000
921,604 P ST,LINCOLN,95648,3,2,1104,Residential,1210809600000000000,170000
923,7351 GIGI PL,SACRAMENTO,95828,4,2,1859,Multi-Family,1210809600000000000,170000
924,7740 DIXIE LOU ST,SACRAMENTO,95832,3,2,1232,Residential,1210809600000000000,170000
925,7342 DAVE ST,SACRAMENTO,95828,3,1,1638,Residential,1210809600000000000,170725
926,7687 HOWERTON DR,SACRAMENTO,95831,2,2,1177,Residential,1210809600000000000,171750
927,26 KAMSON CT,SACRAMENTO,95833,3,2,1582,Residential,1210809600000000000,172000
928,7045 PEEVEY CT,SACRAMENTO,95823,2,2,904,Residential,1210809600000000000,173056
929,8916 GABLES MILL PL,ELK GROVE,95758,3,2,1340,Residential,1210809600000000000,174000
930,1140 EDMONTON DR,SACRAMENTO,95833,3,2,1204,Residential,1210809600000000000,174250
931,8879 APPLE PEAR CT,ELK GROVE,95624,4,2,1477,Residential,1210809600000000000,176850
932,9 WIND CT,SACRAMENTO,95823,4,2,1497,Residential,1210809600000000000,179500
933,8570 SHERATON DR,FAIR OAKS,95628,3,1,960,Residential,1210809600000000000,185000
935,1080 RIO NORTE WAY,SACRAMENTO,95834,3,2,1428,Residential,1210809600000000000,188700
936,5501 VALLETTA WAY,SACRAMENTO,95820,3,1,1039,Residential,1210809600000000000,189000
937,5624 MEMORY LN,FAIR OAKS,95628,3,1,1529,Residential,1210809600000000000,189000
938,6622 WILLOWLEAF DR,CITRUS HEIGHTS,95621,4,3,1892,Residential,1210809600000000000,189836
939,27 MEGAN CT,SACRAMENTO,95838,4,2,1887,Residential,1210809600000000000,190000
940,6601 WOODMORE OAKS DR,ORANGEVALE,95662,3,2,1294,Residential,1210809600000000000,191250
941,1973 DANVERS WAY,SACRAMENTO,95832,3,2,1638,Residential,1210809600000000000,191675
942,8001 ARROYO VISTA DR,SACRAMENTO,95823,3,2,1677,Residential,1210809600000000000,195500
943,7409 VOYAGER WAY,CITRUS HEIGHTS,95621,3,1,1073,Residential,1210809600000000000,198000
944,815 CROSSWIND DR,SACRAMENTO,95838,3,2,1231,Residential,1210809600000000000,200000
945,5509 LAGUNA CREST WAY,ELK GROVE,95758,3,2,1175,Residential,1210809600000000000,200000
946,8424 MERRY HILL WAY,ELK GROVE,95624,3,2,1416,Residential,1210809600000000000,200000
948,5954 BRIDGECROSS DR,SACRAMENTO,95835,3,2,1358,Residential,1210809600000000000,201528
949,8789 SEQUOIA WOOD CT,ELK GROVE,95624,4,2,1609,Residential,1210809600000000000,204750
950,6600 SILVERTHORNE CIR,SACRAMENTO,95842,4,3,1968,Residential,1210809600000000000,205000
951,2221 2ND AVE,SACRAMENTO,95818,2,2,1089,Residential,1210809600000000000,205000
952,3230 SMATHERS WAY,CARMICHAEL,95608,3,2,1296,Residential,1210809600000000000,205900
953,5209 LAGUNA CREST WAY,ELK GROVE,95758,2,2,1189,Residential,1210809600000000000,207000
954,416 LEITCH AVE,SACRAMENTO,95815,2,1,795,Residential,1210809600000000000,207973
955,2100 BEATTY WAY,ROSEVILLE,95747,3,2,1371,Residential,1210809600000000000,208250
956,6920 GILLINGHAM WAY,NORTH HIGHLANDS,95660,3,1,1310,Residential,1210809600000000000,208318
957,82 WILDFLOWER DR,GALT,95632,3,2,1262,Residential,1210809600000000000,209347
958,8652 BANTON CIR,ELK GROVE,95624,4,2,1740,Residential,1210809600000000000,211500
959,8428 MISTY PASS WAY,ANTELOPE,95843,3,2,1517,Residential,1210809600000000000,212000
960,7958 ROSEVIEW WAY,SACRAMENTO,95828,3,2,1450,Residential,1210809600000000000,213000
961,9020 LUKEN CT,ELK GROVE,95624,3,2,1416,Residential,1210809600000000000,216000
962,7809 VALLECITOS WAY,SACRAMENTO,95828,3,1,888,Residential,1210809600000000000,216021
963,8445 OLD AUBURN RD,CITRUS HEIGHTS,95610,3,2,1882,Residential,1210809600000000000,219000
964,10085 ATKINS DR,ELK GROVE,95757,3,2,1302,Residential,1210809600000000000,219794
965,9185 CERROLINDA CIR,ELK GROVE,95758,3,2,1418,Residential,1210809600000000000,220000
967,5429 HESPER WAY,CARMICHAEL,95608,4,2,1319,Residential,1210809600000000000,220000
968,1178 WARMWOOD CT,GALT,95632,4,2,1770,Residential,1210809600000000000,220000
969,4900 ELUDE CT,SACRAMENTO,95842,4,2,1627,Residential,1210809600000000000,223000
971,3528 SAINT GEORGE DR,SACRAMENTO,95821,3,1,1040,Residential,1210809600000000000,224000
972,7381 WASHBURN WAY,NORTH HIGHLANDS,95660,3,1,960,Residential,1210809600000000000,224252
974,7540 HICKORY AVE,ORANGEVALE,95662,3,1,1456,Residential,1210809600000000000,225000
975,5024 CHAMBERLIN CIR,ELK GROVE,95757,3,2,1450,Residential,1210809600000000000,228000
976,2400 INVERNESS DR,LINCOLN,95648,3,2,1358,Residential,1210809600000000000,229027
977,5 BISHOPGATE CT,SACRAMENTO,95823,4,2,1329,Residential,1210809600000000000,229500
978,5601 REXLEIGH DR,SACRAMENTO,95823,4,2,1715,Residential,1210809600000000000,230000
979,1909 YARNELL WAY,ELK GROVE,95758,3,2,1262,Residential,1210809600000000000,230000
980,9169 GARLINGTON CT,SACRAMENTO,95829,4,3,2280,Residential,1210809600000000000,232425
981,6932 RUSKUT WAY,SACRAMENTO,95823,3,2,1477,Residential,1210809600000000000,234000
982,7933 DAFFODIL WAY,CITRUS HEIGHTS,95610,3,2,1216,Residential,1210809600000000000,235000
983,8304 RED FOX WAY,ELK GROVE,95758,4,2,1685,Residential,1210809600000000000,235301
984,3882 YELLOWSTONE LN,EL DORADO HILLS,95762,3,2,1362,Residential,1210809600000000000,235738
