subject_id,wave,like_sports,like_tvsports,like_exercise,like_food,like_museums,like_art,like_hiking,like_gaming,like_clubbing,like_reading,like_tv,like_theater,like_movies,like_concerts,like_music,like_shopping,like_yoga,subjective_attractiveness,subjective_sincerity,subjective_intelligence,subjective_fun,subjective_ambition,objective_attractiveness,objective_sincerity,objective_intelligence,objective_fun,objective_ambition
1,1,9.0,2.0,8.0,9.0,1.0,1.0,5.0,1.0,5.0,6.0,9.0,1.0,10.0,10.0,9.0,8.0,1.0,6.0,8.0,8.0,8.0,7.0,,,,,
2,1,3.0,2.0,7.0,10.0,8.0,6.0,3.0,5.0,8.0,10.0,1.0,9.0,8.0,7.0,8.0,3.0,1.0,7.0,5.0,8.0,10.0,3.0,,,,,
3,1,3.0,8.0,7.0,8.0,5.0,5.0,8.0,4.0,5.0,7.0,8.0,7.0,7.0,7.0,5.0,8.0,7.0,8.0,9.0,9.0,8.0,8.0,,,,,
4,1,1.0,1.0,6.0,7.0,6.0,7.0,7.0,5.0,7.0,7.0,7.0,9.0,7.0,8.0,7.0,1.0,8.0,7.0,8.0,7.0,9.0,8.0,,,,,
5,1,7.0,4.0,7.0,7.0,6.0,8.0,6.0,6.0,8.0,6.0,8.0,6.0,6.0,3.0,7.0,8.0,3.0,6.0,3.0,10.0,6.0,8.0,,,,,
6,1,10.0,8.0,9.0,7.0,8.0,7.0,9.0,2.0,6.0,9.0,2.0,5.0,6.0,6.0,4.0,1.0,1.0,5.0,7.0,9.0,8.0,5.0,,,,,
7,1,5.0,3.0,4.0,10.0,10.0,10.0,2.0,3.0,8.0,8.0,8.0,10.0,10.0,10.0,10.0,10.0,10.0,6.0,6.0,7.0,5.0,7.0,,,,,
8,1,2.0,2.0,1.0,10.0,9.0,9.0,3.0,2.0,10.0,8.0,10.0,9.0,9.0,6.0,6.0,8.0,6.0,7.0,4.0,8.0,8.0,8.0,,,,,
9,1,4.0,3.0,1.0,8.0,6.0,7.0,2.0,2.0,10.0,8.0,8.0,10.0,10.0,9.0,9.0,8.0,3.0,7.0,6.0,7.0,10.0,7.0,,,,,
10,1,9.0,9.0,9.0,7.0,6.0,6.0,7.0,1.0,7.0,8.0,5.0,6.0,7.0,7.0,8.0,7.0,7.0,6.0,8.0,6.0,10.0,9.0,,,,,
11,1,8.0,7.0,2.0,6.0,7.0,5.0,5.0,5.0,4.0,9.0,2.0,4.0,8.0,7.0,8.0,5.0,1.0,8.0,9.0,8.0,7.0,5.0,,,,,
12,1,9.0,7.0,9.0,8.0,7.0,6.0,3.0,3.0,5.0,6.0,6.0,4.0,7.0,7.0,9.0,5.0,5.0,9.0,9.0,10.0,9.0,9.0,,,,,
13,1,7.0,8.0,2.0,9.0,5.0,6.0,4.0,7.0,7.0,6.0,8.0,10.0,8.0,9.0,9.0,8.0,1.0,4.0,7.0,8.0,8.0,3.0,,,,,
14,1,10.0,6.0,8.0,8.0,3.0,3.0,10.0,8.0,8.0,6.0,7.0,3.0,10.0,6.0,8.0,6.0,1.0,9.0,9.0,9.0,9.0,9.0,,,,,
15,1,9.0,7.0,9.0,7.0,4.0,3.0,6.0,7.0,9.0,8.0,6.0,9.0,9.0,6.0,7.0,2.0,1.0,7.0,7.0,9.0,7.0,9.0,,,,,
16,1,7.0,2.0,6.0,7.0,7.0,7.0,5.0,5.0,5.0,8.0,3.0,7.0,8.0,7.0,8.0,6.0,1.0,6.0,6.0,8.0,8.0,6.0,,,,,
17,1,8.0,2.0,9.0,7.0,7.0,5.0,4.0,2.0,6.0,4.0,2.0,7.0,9.0,7.0,7.0,2.0,2.0,7.0,7.0,8.0,6.0,4.0,,,,,
18,1,5.0,5.0,5.0,9.0,4.0,3.0,4.0,4.0,2.0,6.0,9.0,3.0,9.0,3.0,6.0,2.0,1.0,6.0,8.0,8.0,6.0,9.0,,,,,
19,1,10.0,10.0,10.0,10.0,5.0,5.0,6.0,7.0,9.0,8.0,1.0,1.0,7.0,7.0,7.0,7.0,10.0,10.0,6.0,10.0,10.0,10.0,,,,,
20,1,10.0,10.0,10.0,10.0,9.0,9.0,4.0,10.0,10.0,8.0,3.0,8.0,8.0,6.0,6.0,5.0,10.0,7.0,7.0,10.0,10.0,10.0,,,,,
21,2,10.0,8.0,10.0,5.0,5.0,5.0,2.0,1.0,3.0,7.0,10.0,4.0,7.0,4.0,8.0,5.0,2.0,5.0,9.0,9.0,7.0,10.0,,,,,
22,2,1.0,2.0,2.0,8.0,8.0,8.0,1.0,2.0,6.0,8.0,8.0,8.0,9.0,7.0,7.0,8.0,8.0,7.0,8.0,8.0,7.0,7.0,,,,,
23,2,2.0,2.0,3.0,9.0,7.0,6.0,6.0,7.0,7.0,10.0,9.0,10.0,10.0,10.0,10.0,10.0,3.0,5.0,8.0,7.0,6.0,8.0,,,,,
24,2,10.0,1.0,10.0,9.0,6.0,6.0,10.0,6.0,3.0,6.0,1.0,6.0,9.0,8.0,8.0,6.0,7.0,7.0,9.0,8.0,9.0,8.0,,,,,
25,2,7.0,4.0,7.0,7.0,6.0,3.0,5.0,6.0,8.0,9.0,9.0,7.0,10.0,6.0,8.0,8.0,4.0,7.0,9.0,8.0,7.0,6.0,,,,,
26,2,9.0,4.0,9.0,7.0,7.0,4.0,6.0,5.0,7.0,5.0,3.0,9.0,9.0,6.0,4.0,5.0,1.0,7.0,8.0,8.0,8.0,8.0,,,,,
27,2,7.0,6.0,8.0,8.0,7.0,6.0,8.0,7.0,8.0,8.0,5.0,5.0,5.0,5.0,7.0,7.0,8.0,6.0,6.0,7.0,7.0,7.0,,,,,
28,2,,,,,,,,,,,,,,,,,,,,,,,,,,,
29,2,8.0,9.0,7.0,7.0,7.0,6.0,2.0,2.0,7.0,7.0,7.0,5.0,7.0,6.0,8.0,9.0,5.0,6.0,9.0,7.0,8.0,8.0,,,,,
30,2,5.0,6.0,8.0,7.0,4.0,4.0,2.0,1.0,7.0,8.0,5.0,7.0,7.0,7.0,9.0,6.0,4.0,7.0,8.0,8.0,9.0,8.0,,,,,
31,2,3.0,3.0,7.0,10.0,7.0,7.0,7.0,2.0,6.0,6.0,8.0,8.0,8.0,6.0,7.0,10.0,6.0,8.0,8.0,8.0,9.0,9.0,,,,,
32,2,4.0,1.0,5.0,9.0,5.0,5.0,1.0,2.0,4.0,9.0,6.0,6.0,7.0,5.0,8.0,10.0,9.0,7.0,5.0,9.0,9.0,7.0,,,,,
33,2,4.0,6.0,10.0,7.0,8.0,6.0,6.0,8.0,6.0,10.0,10.0,8.0,8.0,6.0,6.0,7.0,9.0,6.0,8.0,8.0,6.0,8.0,,,,,
34,2,7.0,6.0,6.0,7.0,4.0,4.0,5.0,4.0,7.0,7.0,6.0,9.0,10.0,7.0,7.0,7.0,7.0,7.0,7.0,7.0,7.0,8.0,,,,,
35,2,9.0,7.0,9.0,8.0,8.0,8.0,5.0,6.0,9.0,7.0,9.0,8.0,8.0,7.0,7.0,8.0,3.0,8.0,9.0,9.0,9.0,7.0,,,,,
36,2,6.0,1.0,4.0,6.0,7.0,7.0,7.0,1.0,3.0,9.0,1.0,9.0,6.0,6.0,7.0,5.0,1.0,8.0,7.0,8.0,8.0,6.0,,,,,
37,2,6.0,4.0,6.0,10.0,9.0,8.0,7.0,6.0,7.0,5.0,6.0,10.0,7.0,8.0,7.0,4.0,9.0,7.0,8.0,9.0,7.0,5.0,,,,,
38,2,7.0,2.0,7.0,10.0,2.0,2.0,7.0,4.0,7.0,2.0,8.0,8.0,10.0,10.0,10.0,10.0,2.0,8.0,2.0,8.0,7.0,8.0,,,,,
39,2,3.0,2.0,4.0,10.0,10.0,8.0,7.0,1.0,5.0,10.0,9.0,9.0,10.0,9.0,9.0,10.0,1.0,6.0,9.0,8.0,6.0,7.0,,,,,
40,2,4.0,9.0,3.0,7.0,7.0,8.0,5.0,7.0,9.0,7.0,5.0,5.0,8.0,8.0,10.0,4.0,2.0,3.0,10.0,9.0,8.0,5.0,,,,,
41,2,5.0,5.0,6.0,5.0,5.0,5.0,5.0,10.0,5.0,6.0,6.0,6.0,6.0,5.0,5.0,5.0,1.0,5.0,7.0,8.0,5.0,5.0,,,,,
42,2,1.0,1.0,7.0,5.0,3.0,3.0,3.0,1.0,1.0,9.0,8.0,5.0,7.0,2.0,5.0,2.0,1.0,6.0,9.0,8.0,6.0,4.0,,,,,
43,2,8.0,9.0,6.0,5.0,7.0,7.0,2.0,5.0,5.0,9.0,6.0,7.0,4.0,6.0,5.0,2.0,1.0,3.0,8.0,7.0,3.0,2.0,,,,,
44,2,9.0,1.0,8.0,7.0,8.0,8.0,10.0,6.0,7.0,8.0,1.0,7.0,3.0,8.0,1.0,6.0,8.0,7.0,9.0,9.0,8.0,9.0,,,,,
45,2,9.0,7.0,3.0,6.0,8.0,6.0,6.0,7.0,6.0,6.0,7.0,6.0,7.0,6.0,6.0,6.0,3.0,7.0,8.0,8.0,6.0,7.0,,,,,
46,2,10.0,7.0,5.0,6.0,7.0,7.0,8.0,3.0,7.0,7.0,4.0,4.0,6.0,5.0,6.0,2.0,7.0,7.0,8.0,7.0,5.0,7.0,,,,,
47,2,6.0,7.0,2.0,8.0,7.0,6.0,3.0,7.0,4.0,7.0,4.0,5.0,8.0,8.0,7.0,2.0,1.0,8.0,7.0,9.0,9.0,3.0,,,,,
48,2,3.0,1.0,6.0,7.0,7.0,8.0,1.0,5.0,8.0,4.0,6.0,10.0,10.0,6.0,8.0,6.0,2.0,7.0,9.0,7.0,6.0,6.0,,,,,
49,2,10.0,7.0,5.0,7.0,6.0,7.0,2.0,8.0,7.0,9.0,5.0,5.0,6.0,5.0,8.0,2.0,7.0,7.0,10.0,10.0,10.0,8.0,,,,,
50,2,10.0,10.0,3.0,8.0,5.0,3.0,4.0,3.0,10.0,5.0,6.0,8.0,10.0,7.0,10.0,6.0,2.0,8.0,9.0,10.0,9.0,8.0,,,,,
51,2,6.0,6.0,7.0,3.0,4.0,3.0,6.0,5.0,4.0,5.0,7.0,1.0,6.0,1.0,2.0,2.0,1.0,6.0,8.0,10.0,2.0,2.0,,,,,
52,2,8.0,5.0,3.0,6.0,3.0,4.0,3.0,3.0,3.0,3.0,7.0,4.0,6.0,3.0,5.0,4.0,2.0,5.0,8.0,8.0,6.0,7.0,,,,,
53,2,8.0,4.0,3.0,10.0,9.0,8.0,8.0,4.0,4.0,9.0,5.0,7.0,9.0,9.0,9.0,7.0,3.0,8.0,9.0,8.0,8.0,8.0,,,,,
54,2,5.0,2.0,2.0,8.0,7.0,8.0,8.0,1.0,3.0,7.0,1.0,8.0,6.0,9.0,9.0,1.0,3.0,8.0,9.0,8.0,8.0,8.0,,,,,
55,2,10.0,8.0,4.0,5.0,5.0,4.0,1.0,6.0,10.0,9.0,7.0,5.0,10.0,7.0,10.0,5.0,1.0,6.0,10.0,9.0,10.0,10.0,,,,,
56,3,2.0,1.0,10.0,10.0,5.0,5.0,2.0,1.0,7.0,6.0,8.0,8.0,7.0,6.0,9.0,10.0,4.0,10.0,10.0,8.0,9.0,5.0,,,,,
57,3,4.0,4.0,5.0,9.0,9.0,9.0,9.0,1.0,5.0,9.0,9.0,9.0,9.0,9.0,9.0,9.0,9.0,6.0,10.0,9.0,10.0,10.0,,,,,
58,3,,,,,,,,,,,,,,,,,,,,,,,,,,,
59,3,,,,,,,,,,,,,,,,,,,,,,,,,,,
60,3,3.0,1.0,9.0,9.0,5.0,5.0,3.0,1.0,5.0,5.0,2.0,10.0,7.0,6.0,9.0,5.0,5.0,7.0,9.0,9.0,9.0,9.0,,,,,
61,3,1.0,1.0,5.0,10.0,10.0,10.0,5.0,1.0,5.0,10.0,6.0,10.0,10.0,8.0,10.0,8.0,7.0,7.0,10.0,10.0,7.0,7.0,,,,,
62,3,8.0,5.0,7.0,8.0,6.0,6.0,7.0,7.0,7.0,7.0,3.0,2.0,9.0,7.0,9.0,9.0,2.0,9.0,9.0,9.0,9.0,9.0,,,,,
63,3,5.0,3.0,8.0,6.0,9.0,8.0,5.0,1.0,2.0,10.0,1.0,8.0,9.0,4.0,5.0,6.0,2.0,6.0,8.0,8.0,9.0,7.0,,,,,
64,3,8.0,8.0,8.0,8.0,8.0,8.0,9.0,5.0,3.0,8.0,7.0,8.0,8.0,9.0,9.0,8.0,5.0,8.0,8.0,9.0,6.0,9.0,,,,,
65,3,7.0,5.0,7.0,8.0,8.0,8.0,8.0,8.0,9.0,8.0,8.0,8.0,9.0,8.0,8.0,9.0,6.0,7.0,9.0,8.0,9.0,9.0,,,,,
66,3,4.0,2.0,3.0,6.0,4.0,3.0,3.0,6.0,4.0,8.0,6.0,4.0,8.0,4.0,6.0,4.0,2.0,6.0,7.0,8.0,7.0,8.0,,,,,
67,3,9.0,9.0,6.0,7.0,6.0,6.0,4.0,4.0,4.0,6.0,6.0,3.0,9.0,9.0,9.0,2.0,1.0,5.0,7.0,7.0,6.0,7.0,,,,,
68,3,3.0,2.0,2.0,7.0,8.0,8.0,3.0,3.0,7.0,10.0,7.0,5.0,9.0,7.0,7.0,7.0,1.0,6.0,8.0,8.0,7.0,8.0,,,,,
69,3,10.0,7.0,5.0,5.0,3.0,2.0,1.0,3.0,9.0,8.0,2.0,4.0,7.0,6.0,7.0,2.0,1.0,5.0,9.0,8.0,5.0,8.0,,,,,
70,3,9.0,4.0,9.0,5.0,7.0,5.0,7.0,5.0,5.0,8.0,3.0,7.0,8.0,5.0,8.0,5.0,6.0,8.0,6.0,9.0,8.0,6.0,,,,,
71,3,9.0,10.0,6.0,4.0,3.0,3.0,7.0,6.0,7.0,7.0,8.0,3.0,10.0,6.0,8.0,2.0,1.0,6.0,8.0,10.0,8.0,10.0,,,,,
72,3,8.0,3.0,7.0,10.0,6.0,6.0,7.0,2.0,9.0,5.0,6.0,7.0,7.0,6.0,8.0,8.0,4.0,7.0,9.0,8.0,8.0,8.0,,,,,
73,3,9.0,9.0,7.0,6.0,5.0,4.0,4.0,6.0,6.0,5.0,5.0,5.0,7.0,7.0,6.0,4.0,1.0,7.0,7.0,7.0,8.0,8.0,,,,,
74,3,8.0,3.0,5.0,9.0,10.0,10.0,9.0,6.0,8.0,10.0,2.0,9.0,10.0,8.0,8.0,3.0,5.0,7.0,9.0,8.0,9.0,7.0,,,,,
75,3,8.0,2.0,8.0,7.0,7.0,7.0,7.0,5.0,9.0,8.0,8.0,5.0,7.0,6.0,8.0,5.0,5.0,7.0,7.0,8.0,8.0,8.0,,,,,
76,4,1.0,7.0,6.0,8.0,8.0,8.0,5.0,1.0,7.0,7.0,4.0,8.0,8.0,8.0,7.0,7.0,7.0,6.0,6.0,8.0,6.0,4.0,,,,,
77,4,7.0,1.0,10.0,9.0,9.0,9.0,8.0,3.0,6.0,6.0,6.0,8.0,8.0,10.0,10.0,7.0,9.0,6.0,8.0,8.0,8.0,8.0,,,,,
78,4,5.0,1.0,7.0,7.0,9.0,5.0,9.0,1.0,3.0,9.0,3.0,9.0,9.0,9.0,7.0,5.0,10.0,3.0,10.0,8.0,3.0,8.0,,,,,
79,4,2.0,3.0,2.0,10.0,10.0,10.0,2.0,1.0,7.0,4.0,4.0,9.0,9.0,8.0,8.0,3.0,3.0,7.0,9.0,7.0,8.0,7.0,,,,,
80,4,8.0,3.0,7.0,5.0,5.0,4.0,3.0,1.0,5.0,10.0,9.0,7.0,7.0,7.0,7.0,9.0,2.0,8.0,8.0,8.0,8.0,8.0,,,,,
81,4,6.0,2.0,7.0,9.0,9.0,7.0,7.0,1.0,7.0,7.0,7.0,9.0,9.0,7.0,7.0,7.0,4.0,8.0,7.0,7.0,8.0,7.0,,,,,
82,4,5.0,5.0,5.0,8.0,9.0,10.0,9.0,1.0,7.0,8.0,6.0,8.0,8.0,8.0,9.0,6.0,7.0,8.0,9.0,8.0,8.0,7.0,,,,,
83,4,5.0,1.0,3.0,5.0,7.0,8.0,3.0,1.0,6.0,8.0,3.0,7.0,8.0,7.0,8.0,4.0,7.0,5.0,9.0,5.0,9.0,5.0,,,,,
84,4,7.0,1.0,9.0,9.0,9.0,9.0,3.0,1.0,9.0,9.0,1.0,9.0,10.0,9.0,9.0,5.0,5.0,7.0,9.0,8.0,7.0,5.0,,,,,
85,4,2.0,3.0,4.0,9.0,8.0,6.0,8.0,4.0,7.0,8.0,4.0,6.0,7.0,5.0,8.0,5.0,3.0,7.0,9.0,8.0,9.0,9.0,,,,,
86,4,2.0,2.0,1.0,4.0,7.0,7.0,2.0,1.0,6.0,4.0,7.0,5.0,10.0,10.0,10.0,2.0,2.0,7.0,9.0,9.0,9.0,4.0,,,,,
87,4,10.0,5.0,10.0,8.0,7.0,7.0,8.0,4.0,9.0,9.0,6.0,7.0,10.0,9.0,10.0,7.0,9.0,9.0,9.0,9.0,9.0,9.0,,,,,
88,4,8.0,7.0,10.0,7.0,7.0,7.0,8.0,6.0,6.0,10.0,8.0,9.0,10.0,8.0,10.0,9.0,3.0,9.0,9.0,9.0,9.0,9.0,,,,,
89,4,2.0,2.0,2.0,10.0,8.0,8.0,7.0,8.0,9.0,8.0,1.0,9.0,8.0,8.0,9.0,4.0,2.0,8.0,9.0,9.0,8.0,10.0,,,,,
90,4,8.0,9.0,6.0,5.0,8.0,9.0,6.0,3.0,1.0,10.0,6.0,7.0,8.0,7.0,6.0,4.0,1.0,5.0,8.0,7.0,5.0,5.0,,,,,
91,4,4.0,2.0,5.0,7.0,7.0,5.0,7.0,3.0,5.0,7.0,7.0,10.0,8.0,8.0,7.0,6.0,2.0,6.0,7.0,9.0,7.0,8.0,,,,,
92,4,7.0,2.0,8.0,10.0,9.0,9.0,9.0,2.0,9.0,10.0,4.0,10.0,10.0,8.0,10.0,6.0,9.0,9.0,10.0,9.0,9.0,9.0,,,,,
93,4,3.0,2.0,6.0,10.0,7.0,6.0,8.0,7.0,8.0,7.0,5.0,8.0,8.0,6.0,5.0,7.0,6.0,8.0,8.0,8.0,8.0,7.0,,,,,
94,4,7.0,2.0,8.0,8.0,5.0,4.0,4.0,3.0,3.0,9.0,5.0,7.0,9.0,6.0,7.0,4.0,5.0,6.0,9.0,9.0,9.0,7.0,,,,,
95,4,10.0,10.0,6.0,6.0,4.0,3.0,1.0,6.0,4.0,7.0,9.0,5.0,10.0,8.0,10.0,3.0,3.0,7.0,9.0,10.0,8.0,7.0,,,,,
96,4,5.0,8.0,7.0,10.0,10.0,8.0,10.0,6.0,8.0,8.0,3.0,8.0,9.0,8.0,7.0,7.0,3.0,7.0,9.0,9.0,9.0,9.0,,,,,
97,4,6.0,8.0,8.0,3.0,3.0,3.0,6.0,1.0,5.0,8.0,3.0,2.0,7.0,3.0,7.0,3.0,5.0,7.0,5.0,6.0,7.0,6.0,,,,,
98,4,8.0,8.0,8.0,7.0,3.0,3.0,5.0,1.0,7.0,7.0,3.0,7.0,8.0,6.0,8.0,2.0,7.0,8.0,8.0,8.0,8.0,8.0,,,,,
99,4,5.0,5.0,5.0,8.0,10.0,10.0,5.0,5.0,9.0,6.0,6.0,10.0,10.0,10.0,10.0,8.0,5.0,10.0,10.0,10.0,10.0,8.0,,,,,
100,4,5.0,4.0,6.0,7.0,6.0,6.0,2.0,2.0,4.0,6.0,5.0,7.0,7.0,3.0,7.0,6.0,2.0,7.0,8.0,9.0,8.0,6.0,,,,,
101,4,9.0,9.0,7.0,9.0,9.0,9.0,8.0,8.0,9.0,8.0,7.0,9.0,8.0,7.0,8.0,8.0,4.0,8.0,8.0,9.0,8.0,9.0,,,,,
102,4,9.0,9.0,9.0,9.0,4.0,4.0,7.0,2.0,5.0,5.0,4.0,4.0,9.0,3.0,5.0,5.0,2.0,8.0,5.0,10.0,7.0,9.0,,,,,
103,4,8.0,7.0,8.0,8.0,6.0,4.0,8.0,5.0,8.0,8.0,8.0,5.0,8.0,8.0,8.0,6.0,3.0,8.0,8.0,9.0,8.0,9.0,,,,,
104,4,8.0,3.0,8.0,9.0,8.0,8.0,9.0,5.0,8.0,7.0,3.0,8.0,7.0,6.0,8.0,3.0,7.0,9.0,8.0,9.0,7.0,9.0,,,,,
105,4,9.0,9.0,6.0,8.0,5.0,5.0,3.0,4.0,7.0,8.0,6.0,6.0,7.0,4.0,7.0,5.0,5.0,8.0,7.0,8.0,9.0,6.0,,,,,
106,4,2.0,4.0,2.0,9.0,6.0,5.0,4.0,9.0,2.0,9.0,8.0,7.0,9.0,2.0,8.0,5.0,3.0,4.0,7.0,9.0,3.0,2.0,,,,,
107,4,7.0,2.0,4.0,7.0,6.0,7.0,8.0,1.0,7.0,7.0,1.0,5.0,7.0,9.0,9.0,1.0,10.0,7.0,9.0,9.0,9.0,6.0,,,,,
108,4,7.0,3.0,4.0,5.0,6.0,7.0,3.0,2.0,5.0,7.0,3.0,7.0,7.0,4.0,6.0,2.0,2.0,4.0,8.0,7.0,3.0,2.0,,,,,
109,4,2.0,1.0,2.0,10.0,10.0,10.0,1.0,2.0,2.0,10.0,5.0,7.0,10.0,10.0,10.0,5.0,3.0,6.0,9.0,9.0,8.0,8.0,,,,,
110,4,4.0,3.0,8.0,7.0,7.0,9.0,8.0,2.0,3.0,7.0,5.0,7.0,9.0,7.0,8.0,3.0,6.0,7.0,9.0,8.0,8.0,7.0,,,,,
111,4,9.0,9.0,7.0,9.0,10.0,9.0,9.0,1.0,5.0,9.0,5.0,8.0,9.0,8.0,5.0,3.0,5.0,5.0,8.0,8.0,5.0,5.0,,,,,
112,5,8.0,3.0,8.0,5.0,7.0,8.0,8.0,8.0,9.0,9.0,3.0,8.0,8.0,9.0,10.0,4.0,6.0,9.0,10.0,9.0,9.0,9.0,,,,,
113,5,5.0,3.0,7.0,10.0,9.0,8.0,7.0,2.0,6.0,8.0,7.0,10.0,10.0,9.0,10.0,10.0,7.0,8.0,10.0,8.0,10.0,9.0,,,,,
114,5,6.0,8.0,3.0,4.0,4.0,3.0,5.0,2.0,6.0,8.0,7.0,6.0,7.0,6.0,9.0,2.0,2.0,7.0,9.0,6.0,8.0,7.0,,,,,
115,5,2.0,2.0,8.0,7.0,3.0,3.0,1.0,1.0,8.0,10.0,2.0,2.0,6.0,4.0,7.0,8.0,1.0,8.0,7.0,9.0,8.0,8.0,,,,,
116,5,5.0,4.0,3.0,10.0,10.0,10.0,6.0,4.0,8.0,10.0,10.0,10.0,10.0,10.0,10.0,10.0,8.0,8.0,9.0,9.0,8.0,9.0,,,,,
117,5,6.0,8.0,6.0,9.0,8.0,6.0,3.0,5.0,8.0,8.0,5.0,6.0,5.0,6.0,5.0,9.0,3.0,8.0,7.0,8.0,8.0,8.0,,,,,
119,5,8.0,5.0,8.0,9.0,9.0,9.0,5.0,8.0,10.0,9.0,5.0,10.0,9.0,10.0,10.0,7.0,8.0,8.0,10.0,10.0,10.0,10.0,,,,,
120,5,5.0,4.0,4.0,8.0,7.0,5.0,3.0,1.0,5.0,10.0,6.0,10.0,9.0,6.0,8.0,3.0,5.0,6.0,8.0,8.0,8.0,9.0,,,,,
121,5,2.0,2.0,6.0,10.0,6.0,10.0,6.0,4.0,7.0,7.0,8.0,10.0,10.0,10.0,10.0,10.0,4.0,2.0,9.0,7.0,9.0,9.0,,,,,
122,5,7.0,9.0,7.0,9.0,7.0,6.0,5.0,6.0,6.0,6.0,8.0,7.0,8.0,8.0,8.0,5.0,4.0,7.0,10.0,8.0,8.0,8.0,,,,,
123,5,9.0,9.0,8.0,8.0,3.0,2.0,5.0,5.0,6.0,2.0,7.0,2.0,7.0,7.0,7.0,7.0,5.0,8.0,7.0,7.0,7.0,8.0,,,,,
124,5,5.0,5.0,8.0,10.0,8.0,8.0,6.0,5.0,8.0,8.0,6.0,9.0,9.0,9.0,8.0,8.0,7.0,8.0,8.0,10.0,10.0,10.0,,,,,
125,5,3.0,1.0,9.0,10.0,9.0,10.0,1.0,1.0,10.0,9.0,2.0,9.0,9.0,9.0,9.0,10.0,7.0,9.0,6.0,9.0,10.0,10.0,,,,,
126,5,10.0,8.0,7.0,8.0,8.0,7.0,5.0,2.0,7.0,10.0,5.0,8.0,8.0,9.0,10.0,6.0,7.0,9.0,10.0,9.0,9.0,9.0,,,,,
127,5,10.0,8.0,8.0,8.0,5.0,3.0,5.0,5.0,6.0,1.0,7.0,1.0,5.0,8.0,7.0,5.0,10.0,8.0,8.0,9.0,9.0,8.0,,,,,
128,5,8.0,7.0,7.0,6.0,4.0,4.0,8.0,7.0,3.0,5.0,3.0,4.0,8.0,10.0,10.0,2.0,2.0,8.0,7.0,8.0,7.0,7.0,,,,,
129,5,7.0,4.0,7.0,9.0,4.0,5.0,9.0,2.0,6.0,9.0,4.0,4.0,7.0,6.0,6.0,4.0,6.0,8.0,8.0,8.0,8.0,8.0,,,,,
130,5,7.0,4.0,9.0,8.0,3.0,2.0,7.0,5.0,7.0,6.0,2.0,1.0,2.0,2.0,9.0,6.0,2.0,5.0,6.0,6.0,6.0,6.0,,,,,
131,5,5.0,1.0,5.0,5.0,5.0,5.0,3.0,6.0,4.0,8.0,7.0,6.0,8.0,7.0,6.0,5.0,3.0,4.0,6.0,6.0,4.0,6.0,,,,,
132,6,7.0,2.0,10.0,5.0,7.0,7.0,9.0,1.0,1.0,5.0,9.0,5.0,10.0,3.0,10.0,1.0,10.0,8.0,10.0,9.0,10.0,10.0,,,,,
133,6,8.0,7.0,6.0,7.0,10.0,8.0,10.0,4.0,3.0,6.0,4.0,8.0,7.0,10.0,9.0,7.0,6.0,6.0,8.0,8.0,7.0,7.0,,,,,
134,6,7.0,4.0,4.0,8.0,9.0,6.0,7.0,8.0,6.0,8.0,5.0,9.0,5.0,7.0,8.0,8.0,8.0,7.0,8.0,8.0,8.0,8.0,,,,,
135,6,3.0,1.0,1.0,1.0,9.0,9.0,10.0,1.0,7.0,7.0,1.0,8.0,7.0,10.0,10.0,2.0,9.0,9.0,10.0,9.0,7.0,6.0,,,,,
136,6,,,,,,,,,,,,,,,,,,,,,,,,,,,
137,6,6.0,1.0,8.0,8.0,4.0,4.0,1.0,5.0,7.0,4.0,7.0,1.0,9.0,9.0,10.0,8.0,3.0,7.0,9.0,9.0,8.0,8.0,,,,,
138,6,7.0,2.0,9.0,8.0,6.0,6.0,1.0,7.0,7.0,9.0,9.0,4.0,9.0,2.0,9.0,6.0,2.0,8.0,8.0,8.0,8.0,8.0,,,,,
139,6,7.0,5.0,8.0,10.0,9.0,9.0,6.0,5.0,6.0,10.0,8.0,7.0,10.0,8.0,9.0,7.0,8.0,8.0,8.0,9.0,9.0,6.0,,,,,
140,6,8.0,6.0,8.0,9.0,5.0,5.0,5.0,5.0,7.0,9.0,6.0,7.0,6.0,4.0,5.0,4.0,3.0,7.0,7.0,8.0,9.0,8.0,,,,,
141,6,10.0,10.0,3.0,9.0,5.0,5.0,7.0,5.0,7.0,3.0,8.0,9.0,10.0,8.0,9.0,6.0,6.0,7.0,9.0,8.0,8.0,6.0,,,,,
142,7,5.0,6.0,6.0,6.0,5.0,5.0,6.0,14.0,7.0,6.0,6.0,6.0,6.0,6.0,8.0,6.0,6.0,9.0,9.0,10.0,9.0,7.0,,,,,
143,7,4.0,5.0,6.0,8.0,9.0,9.0,6.0,4.0,8.0,9.0,5.0,7.0,7.0,7.0,7.0,6.0,4.0,7.0,10.0,8.0,7.0,7.0,,,,,
144,7,10.0,7.0,9.0,6.0,6.0,6.0,4.0,3.0,7.0,7.0,5.0,4.0,7.0,9.0,8.0,7.0,4.0,7.0,8.0,9.0,8.0,9.0,,,,,
145,7,2.0,1.0,2.0,9.0,9.0,5.0,2.0,2.0,1.0,8.0,10.0,10.0,10.0,5.0,8.0,9.0,2.0,5.0,5.0,9.0,7.0,7.0,,,,,
146,7,5.0,2.0,5.0,5.0,8.0,8.0,3.0,1.0,3.0,10.0,8.0,8.0,8.0,5.0,8.0,8.0,3.0,8.0,8.0,8.0,8.0,8.0,,,,,
147,7,8.0,7.0,8.0,9.0,9.0,9.0,5.0,2.0,8.0,10.0,8.0,9.0,8.0,6.0,6.0,7.0,10.0,8.0,7.0,9.0,8.0,7.0,,,,,
148,7,7.0,4.0,6.0,9.0,9.0,9.0,5.0,2.0,1.0,10.0,10.0,9.0,9.0,5.0,7.0,9.0,7.0,8.0,9.0,9.0,9.0,8.0,,,,,
149,7,8.0,4.0,5.0,8.0,8.0,8.0,8.0,3.0,6.0,6.0,6.0,5.0,8.0,7.0,10.0,9.0,8.0,8.0,8.0,8.0,8.0,8.0,,,,,
150,7,5.0,1.0,3.0,5.0,3.0,3.0,9.0,1.0,5.0,7.0,1.0,1.0,7.0,5.0,4.0,2.0,10.0,7.0,9.0,9.0,8.0,8.0,,,,,
151,7,5.0,1.0,8.0,10.0,9.0,8.0,8.0,4.0,1.0,8.0,1.0,9.0,8.0,9.0,10.0,7.0,7.0,9.0,10.0,10.0,10.0,8.0,,,,,
152,7,4.0,1.0,4.0,8.0,9.0,8.0,5.0,5.0,7.0,10.0,5.0,9.0,10.0,9.0,9.0,7.0,1.0,7.0,9.0,10.0,8.0,8.0,,,,,
153,7,8.0,5.0,7.0,7.0,7.0,6.0,6.0,5.0,7.0,10.0,6.0,7.0,9.0,7.0,7.0,8.0,5.0,7.0,7.0,7.0,6.0,6.0,,,,,
154,7,10.0,7.0,8.0,8.0,6.0,6.0,6.0,1.0,6.0,8.0,7.0,7.0,8.0,6.0,6.0,3.0,2.0,8.0,9.0,9.0,9.0,9.0,,,,,
155,7,2.0,1.0,10.0,10.0,7.0,8.0,5.0,1.0,1.0,10.0,4.0,10.0,9.0,5.0,7.0,7.0,4.0,7.0,10.0,8.0,6.0,9.0,,,,,
156,7,3.0,7.0,10.0,10.0,10.0,10.0,8.0,7.0,9.0,10.0,10.0,10.0,10.0,10.0,10.0,7.0,8.0,8.0,10.0,9.0,10.0,10.0,,,,,
157,7,8.0,7.0,8.0,8.0,6.0,6.0,9.0,2.0,9.0,7.0,4.0,6.0,7.0,5.0,6.0,6.0,3.0,7.0,8.0,8.0,9.0,9.0,,,,,
158,7,2.0,4.0,4.0,6.0,7.0,4.0,7.0,7.0,6.0,8.0,6.0,5.0,8.0,4.0,9.0,5.0,1.0,7.0,9.0,9.0,7.0,6.0,,,,,
159,7,7.0,7.0,6.0,9.0,9.0,8.0,6.0,4.0,5.0,8.0,7.0,7.0,9.0,8.0,9.0,7.0,2.0,5.0,9.0,9.0,8.0,7.0,,,,,
160,7,9.0,8.0,10.0,6.0,6.0,4.0,3.0,4.0,8.0,6.0,3.0,7.0,9.0,6.0,9.0,3.0,2.0,8.0,8.0,8.0,9.0,9.0,,,,,
161,7,9.0,9.0,9.0,8.0,7.0,6.0,7.0,7.0,9.0,9.0,8.0,6.0,8.0,6.0,9.0,6.0,2.0,8.0,7.0,9.0,9.0,7.0,,,,,
162,7,3.0,3.0,3.0,8.0,7.0,7.0,6.0,2.0,8.0,5.0,4.0,3.0,9.0,10.0,10.0,7.0,3.0,7.0,8.0,9.0,7.0,8.0,,,,,
163,7,6.0,2.0,2.0,4.0,8.0,8.0,4.0,1.0,1.0,8.0,1.0,6.0,6.0,4.0,6.0,2.0,1.0,7.0,8.0,9.0,8.0,7.0,,,,,
164,7,7.0,5.0,5.0,6.0,7.0,7.0,7.0,1.0,3.0,7.0,2.0,5.0,6.0,4.0,6.0,2.0,2.0,7.0,9.0,9.0,6.0,4.0,,,,,
165,7,3.0,1.0,6.0,6.0,7.0,7.0,2.0,1.0,1.0,10.0,8.0,8.0,8.0,5.0,5.0,2.0,2.0,8.0,6.0,9.0,7.0,2.0,,,,,
166,7,5.0,5.0,9.0,4.0,4.0,2.0,5.0,1.0,3.0,9.0,1.0,5.0,8.0,7.0,10.0,1.0,7.0,7.0,7.0,7.0,7.0,7.0,,,,,
167,7,9.0,9.0,8.0,6.0,8.0,8.0,9.0,2.0,5.0,6.0,5.0,6.0,8.0,6.0,7.0,3.0,2.0,6.0,7.0,7.0,7.0,5.0,,,,,
168,7,5.0,5.0,3.0,5.0,5.0,5.0,5.0,3.0,3.0,5.0,3.0,5.0,5.0,5.0,3.0,3.0,3.0,5.0,5.0,5.0,5.0,5.0,,,,,
169,7,10.0,7.0,8.0,9.0,9.0,7.0,7.0,1.0,6.0,4.0,2.0,7.0,6.0,8.0,8.0,4.0,4.0,7.0,9.0,8.0,7.0,7.0,,,,,
170,7,2.0,1.0,8.0,8.0,8.0,8.0,5.0,3.0,1.0,9.0,8.0,7.0,8.0,6.0,8.0,4.0,5.0,7.0,8.0,9.0,6.0,8.0,,,,,
171,7,8.0,2.0,8.0,8.0,5.0,5.0,5.0,2.0,8.0,9.0,6.0,6.0,9.0,4.0,9.0,7.0,1.0,10.0,10.0,10.0,10.0,10.0,,,,,
172,7,7.0,8.0,7.0,8.0,4.0,5.0,5.0,6.0,8.0,7.0,4.0,6.0,8.0,8.0,7.0,6.0,3.0,5.0,6.0,8.0,9.0,9.0,,,,,
173,7,10.0,8.0,9.0,6.0,5.0,6.0,7.0,4.0,8.0,7.0,4.0,5.0,6.0,9.0,10.0,3.0,6.0,7.0,9.0,9.0,9.0,9.0,,,,,
174,8,5.0,4.0,6.0,6.0,8.0,8.0,4.0,4.0,6.0,8.0,4.0,6.0,5.0,9.0,9.0,6.0,5.0,9.0,10.0,8.0,8.0,6.0,,,,,
175,8,8.0,2.0,6.0,8.0,7.0,7.0,3.0,3.0,6.0,6.0,5.0,6.0,5.0,6.0,9.0,5.0,3.0,7.0,10.0,8.0,8.0,9.0,,,,,
176,8,7.0,6.0,5.0,10.0,10.0,9.0,7.0,4.0,4.0,5.0,5.0,8.0,8.0,8.0,8.0,6.0,3.0,6.0,9.0,8.0,7.0,6.0,,,,,
177,8,5.0,9.0,6.0,8.0,6.0,4.0,2.0,3.0,7.0,9.0,7.0,6.0,7.0,3.0,4.0,5.0,1.0,9.0,9.0,9.0,8.0,9.0,,,,,
178,8,3.0,4.0,7.0,9.0,8.0,8.0,8.0,2.0,9.0,8.0,8.0,8.0,8.0,8.0,9.0,6.0,8.0,9.0,9.0,8.0,7.0,7.0,,,,,
179,8,5.0,5.0,10.0,10.0,7.0,7.0,5.0,1.0,7.0,10.0,1.0,8.0,8.0,7.0,9.0,10.0,9.0,8.0,10.0,8.0,6.0,10.0,,,,,
180,8,7.0,7.0,5.0,9.0,5.0,5.0,8.0,5.0,9.0,6.0,7.0,9.0,9.0,7.0,8.0,9.0,7.0,9.0,9.0,9.0,10.0,9.0,,,,,
181,8,3.0,6.0,5.0,9.0,9.0,9.0,6.0,3.0,9.0,9.0,9.0,9.0,9.0,9.0,9.0,9.0,6.0,9.0,9.0,9.0,9.0,9.0,,,,,
182,8,5.0,6.0,2.0,8.0,3.0,2.0,1.0,4.0,1.0,7.0,8.0,2.0,6.0,4.0,10.0,8.0,1.0,8.0,8.0,8.0,8.0,10.0,,,,,
183,8,9.0,6.0,8.0,9.0,8.0,8.0,9.0,9.0,9.0,7.0,8.0,8.0,9.0,9.0,10.0,8.0,1.0,9.0,7.0,9.0,9.0,7.0,,,,,
184,8,5.0,2.0,4.0,8.0,8.0,7.0,8.0,3.0,8.0,8.0,3.0,9.0,8.0,5.0,6.0,2.0,8.0,6.0,10.0,9.0,7.0,5.0,,,,,
185,8,8.0,7.0,8.0,8.0,8.0,9.0,6.0,7.0,8.0,9.0,9.0,9.0,9.0,8.0,9.0,9.0,9.0,10.0,10.0,8.0,7.0,8.0,,,,,
186,8,5.0,1.0,4.0,9.0,5.0,3.0,6.0,1.0,1.0,6.0,7.0,4.0,7.0,8.0,8.0,6.0,3.0,4.0,8.0,7.0,4.0,6.0,,,,,
187,8,3.0,5.0,10.0,5.0,10.0,10.0,1.0,2.0,1.0,10.0,5.0,8.0,8.0,10.0,10.0,1.0,1.0,8.0,9.0,10.0,7.0,7.0,,,,,
188,8,2.0,1.0,5.0,10.0,8.0,8.0,5.0,7.0,5.0,7.0,3.0,5.0,5.0,5.0,7.0,7.0,3.0,7.0,5.0,10.0,7.0,10.0,,,,,
189,8,8.0,7.0,8.0,5.0,7.0,7.0,7.0,7.0,7.0,9.0,5.0,7.0,9.0,7.0,8.0,4.0,7.0,8.0,8.0,8.0,8.0,9.0,,,,,
190,8,7.0,7.0,8.0,3.0,2.0,2.0,6.0,5.0,9.0,8.0,2.0,4.0,7.0,9.0,10.0,3.0,1.0,7.0,7.0,7.0,7.0,7.0,,,,,
191,8,8.0,1.0,7.0,8.0,6.0,6.0,6.0,1.0,8.0,7.0,3.0,4.0,8.0,4.0,7.0,1.0,7.0,7.0,7.0,7.0,6.0,8.0,,,,,
192,8,7.0,5.0,7.0,7.0,3.0,2.0,6.0,8.0,7.0,9.0,6.0,3.0,6.0,7.0,8.0,4.0,5.0,7.0,10.0,9.0,9.0,10.0,,,,,
193,8,8.0,10.0,7.0,9.0,9.0,8.0,1.0,1.0,4.0,10.0,10.0,10.0,10.0,9.0,9.0,9.0,5.0,7.0,9.0,10.0,5.0,7.0,,,,,
194,9,8.0,6.0,6.0,9.0,6.0,6.0,4.0,8.0,7.0,9.0,9.0,6.0,9.0,5.0,7.0,9.0,4.0,9.0,10.0,10.0,8.0,10.0,,,,,
195,9,7.0,6.0,9.0,8.0,5.0,5.0,9.0,9.0,8.0,10.0,1.0,3.0,4.0,3.0,6.0,5.0,1.0,9.0,8.0,10.0,10.0,8.0,,,,,
196,9,3.0,3.0,6.0,7.0,7.0,7.0,8.0,6.0,8.0,6.0,8.0,9.0,9.0,9.0,9.0,7.0,9.0,9.0,9.0,9.0,9.0,9.0,,,,,
197,9,6.0,1.0,4.0,10.0,8.0,8.0,4.0,7.0,5.0,9.0,6.0,5.0,10.0,8.0,10.0,7.0,3.0,7.0,8.0,9.0,9.0,7.0,,,,,
198,9,6.0,8.0,6.0,9.0,8.0,8.0,9.0,5.0,7.0,4.0,9.0,9.0,9.0,9.0,9.0,10.0,4.0,7.0,9.0,9.0,7.0,7.0,,,,,
199,9,8.0,3.0,10.0,10.0,10.0,10.0,1.0,1.0,7.0,10.0,4.0,7.0,8.0,3.0,5.0,7.0,1.0,9.0,7.0,9.0,7.0,9.0,,,,,
200,9,10.0,3.0,9.0,8.0,7.0,7.0,10.0,3.0,6.0,8.0,1.0,8.0,8.0,9.0,10.0,3.0,4.0,8.0,10.0,8.0,8.0,8.0,,,,,
201,9,8.0,8.0,8.0,8.0,7.0,7.0,7.0,8.0,7.0,7.0,7.0,7.0,7.0,7.0,7.0,7.0,6.0,7.0,8.0,9.0,9.0,8.0,,,,,
202,9,8.0,8.0,9.0,7.0,6.0,4.0,4.0,1.0,6.0,8.0,7.0,7.0,9.0,6.0,7.0,7.0,1.0,7.0,10.0,10.0,9.0,8.0,,,,,
203,9,3.0,1.0,8.0,6.0,4.0,2.0,2.0,1.0,6.0,7.0,10.0,6.0,8.0,3.0,7.0,9.0,2.0,9.0,8.0,10.0,9.0,7.0,,,,,
204,9,10.0,5.0,9.0,9.0,10.0,10.0,3.0,1.0,9.0,8.0,4.0,5.0,5.0,3.0,8.0,10.0,7.0,9.0,5.0,10.0,9.0,10.0,,,,,
205,9,8.0,2.0,6.0,8.0,6.0,6.0,7.0,2.0,6.0,9.0,3.0,3.0,8.0,5.0,6.0,3.0,5.0,7.0,8.0,10.0,9.0,5.0,,,,,
206,9,5.0,5.0,5.0,9.0,7.0,7.0,7.0,7.0,9.0,9.0,5.0,7.0,7.0,7.0,9.0,5.0,7.0,8.0,8.0,8.0,8.0,8.0,,,,,
207,9,10.0,8.0,8.0,7.0,5.0,5.0,2.0,3.0,4.0,3.0,7.0,7.0,6.0,5.0,7.0,9.0,6.0,8.0,8.0,8.0,10.0,9.0,,,,,
208,9,9.0,7.0,7.0,9.0,10.0,10.0,10.0,5.0,8.0,8.0,5.0,7.0,9.0,10.0,10.0,9.0,8.0,9.0,10.0,10.0,10.0,10.0,,,,,
209,9,3.0,2.0,6.0,8.0,5.0,5.0,6.0,8.0,8.0,3.0,6.0,7.0,8.0,7.0,10.0,3.0,3.0,7.0,9.0,7.0,8.0,8.0,,,,,
210,9,9.0,3.0,9.0,8.0,9.0,9.0,9.0,1.0,2.0,9.0,5.0,7.0,7.0,7.0,7.0,5.0,1.0,8.0,8.0,9.0,6.0,9.0,,,,,
211,9,9.0,8.0,9.0,10.0,9.0,9.0,5.0,8.0,1.0,9.0,9.0,10.0,10.0,9.0,7.0,10.0,7.0,7.0,9.0,9.0,9.0,9.0,,,,,
212,9,8.0,5.0,8.0,8.0,8.0,8.0,8.0,6.0,9.0,8.0,8.0,8.0,8.0,6.0,7.0,8.0,3.0,7.0,9.0,8.0,7.0,9.0,,,,,
213,9,8.0,7.0,9.0,8.0,8.0,7.0,6.0,7.0,7.0,8.0,7.0,10.0,10.0,8.0,9.0,8.0,5.0,8.0,10.0,9.0,9.0,9.0,,,,,
214,9,9.0,3.0,10.0,8.0,6.0,7.0,7.0,4.0,7.0,3.0,1.0,9.0,6.0,4.0,6.0,7.0,1.0,8.0,10.0,9.0,10.0,8.0,,,,,
215,9,8.0,6.0,9.0,9.0,6.0,4.0,2.0,7.0,6.0,9.0,5.0,2.0,9.0,2.0,7.0,9.0,2.0,7.0,8.0,9.0,9.0,9.0,,,,,
216,9,2.0,1.0,2.0,7.0,7.0,5.0,3.0,5.0,1.0,13.0,6.0,6.0,7.0,6.0,5.0,2.0,1.0,5.0,10.0,9.0,9.0,10.0,,,,,
217,9,1.0,2.0,8.0,7.0,8.0,8.0,10.0,1.0,2.0,10.0,4.0,8.0,6.0,10.0,10.0,1.0,7.0,7.0,10.0,10.0,7.0,10.0,,,,,
218,9,9.0,3.0,5.0,7.0,9.0,10.0,7.0,3.0,7.0,5.0,1.0,5.0,7.0,8.0,8.0,6.0,1.0,7.0,6.0,10.0,3.0,10.0,,,,,
219,9,8.0,2.0,7.0,7.0,7.0,8.0,3.0,3.0,6.0,7.0,2.0,6.0,7.0,7.0,10.0,3.0,10.0,7.0,7.0,9.0,6.0,6.0,,,,,
220,9,9.0,9.0,5.0,10.0,9.0,10.0,10.0,6.0,8.0,10.0,2.0,5.0,5.0,5.0,9.0,5.0,5.0,10.0,10.0,10.0,10.0,10.0,,,,,
221,9,5.0,6.0,3.0,7.0,6.0,3.0,4.0,3.0,7.0,8.0,7.0,8.0,8.0,4.0,4.0,4.0,1.0,7.0,9.0,9.0,7.0,9.0,,,,,
222,9,5.0,1.0,6.0,8.0,10.0,9.0,6.0,4.0,7.0,9.0,1.0,9.0,9.0,10.0,8.0,3.0,1.0,4.0,9.0,9.0,7.0,4.0,,,,,
223,9,8.0,7.0,6.0,6.0,8.0,7.0,6.0,7.0,8.0,9.0,6.0,5.0,10.0,6.0,7.0,5.0,2.0,7.0,8.0,9.0,7.0,6.0,,,,,
224,9,6.0,4.0,4.0,7.0,5.0,5.0,5.0,6.0,8.0,10.0,1.0,8.0,9.0,2.0,4.0,1.0,8.0,8.0,10.0,8.0,8.0,8.0,,,,,
225,9,10.0,8.0,3.0,8.0,8.0,8.0,7.0,3.0,9.0,8.0,8.0,9.0,7.0,9.0,9.0,2.0,6.0,5.0,9.0,6.0,7.0,7.0,,,,,
226,9,10.0,7.0,8.0,6.0,7.0,7.0,3.0,2.0,8.0,4.0,5.0,6.0,7.0,4.0,9.0,2.0,4.0,10.0,10.0,10.0,10.0,10.0,,,,,
227,9,7.0,7.0,7.0,10.0,9.0,7.0,2.0,6.0,5.0,10.0,8.0,8.0,9.0,5.0,7.0,5.0,1.0,7.0,10.0,10.0,8.0,10.0,,,,,
228,9,3.0,1.0,2.0,8.0,4.0,5.0,8.0,4.0,6.0,9.0,2.0,4.0,7.0,8.0,9.0,2.0,8.0,5.0,8.0,7.0,4.0,8.0,,,,,
229,9,8.0,5.0,7.0,7.0,1.0,1.0,5.0,3.0,3.0,8.0,5.0,1.0,5.0,2.0,6.0,1.0,1.0,8.0,7.0,10.0,5.0,10.0,,,,,
230,9,1.0,1.0,2.0,1.0,10.0,10.0,10.0,1.0,1.0,10.0,10.0,10.0,10.0,5.0,10.0,10.0,6.0,6.0,6.0,6.0,6.0,6.0,,,,,
231,9,5.0,2.0,7.0,9.0,9.0,6.0,8.0,1.0,9.0,9.0,1.0,8.0,9.0,9.0,10.0,1.0,7.0,8.0,8.0,9.0,8.0,3.0,,,,,
232,9,5.0,5.0,9.0,8.0,7.0,8.0,9.0,3.0,8.0,7.0,4.0,6.0,8.0,7.0,7.0,3.0,5.0,8.0,8.0,8.0,8.0,6.0,,,,,
233,9,10.0,9.0,8.0,10.0,8.0,8.0,7.0,9.0,8.0,5.0,10.0,8.0,10.0,10.0,10.0,8.0,6.0,7.0,8.0,7.0,8.0,8.0,,,,,
234,10,5.0,3.0,10.0,10.0,9.0,5.0,2.0,1.0,4.0,9.0,5.0,6.0,5.0,5.0,9.0,7.0,4.0,7.0,7.0,8.0,8.0,10.0,9.0,6.0,9.0,6.0,10.0
235,10,1.0,3.0,3.0,10.0,9.0,10.0,2.0,1.0,7.0,7.0,1.0,9.0,9.0,6.0,10.0,10.0,7.0,6.0,9.0,8.0,9.0,9.0,6.0,9.0,9.0,9.0,9.0
236,10,9.0,6.0,3.0,7.0,9.0,9.0,7.0,1.0,8.0,7.0,5.0,4.0,7.0,4.0,10.0,4.0,2.0,7.0,9.0,8.0,10.0,8.0,8.0,9.0,8.0,10.0,9.0
237,10,1.0,1.0,10.0,7.0,8.0,9.0,9.0,1.0,1.0,10.0,6.0,8.0,6.0,2.0,9.0,2.0,10.0,8.0,10.0,8.0,7.0,8.0,8.0,10.0,9.0,7.0,10.0
238,10,8.0,5.0,8.0,8.0,10.0,10.0,8.0,2.0,8.0,7.0,5.0,9.0,9.0,10.0,10.0,7.0,6.0,10.0,9.0,9.0,10.0,8.0,9.0,9.0,9.0,9.0,9.0
239,10,3.0,3.0,5.0,8.0,8.0,7.0,8.0,1.0,6.0,9.0,6.0,8.0,8.0,6.0,7.0,1.0,8.0,7.0,9.0,9.0,7.0,4.0,7.0,10.0,8.0,7.0,7.0
240,10,10.0,10.0,9.0,10.0,10.0,8.0,9.0,14.0,9.0,10.0,10.0,10.0,10.0,10.0,10.0,10.0,3.0,3.0,8.0,3.0,5.0,6.0,3.0,5.0,3.0,3.0,4.0
241,10,8.0,1.0,5.0,7.0,7.0,7.0,4.0,1.0,3.0,4.0,1.0,3.0,4.0,6.0,7.0,6.0,3.0,8.0,10.0,8.0,8.0,8.0,8.0,10.0,8.0,8.0,8.0
242,10,6.0,5.0,5.0,8.0,10.0,10.0,9.0,4.0,9.0,10.0,1.0,9.0,10.0,10.0,10.0,1.0,8.0,7.0,9.0,8.0,7.0,4.0,7.0,9.0,8.0,7.0,8.0
243,10,7.0,2.0,7.0,9.0,5.0,8.0,5.0,7.0,3.0,9.0,5.0,5.0,9.0,8.0,8.0,6.0,2.0,7.0,9.0,9.0,8.0,5.0,7.0,8.0,9.0,6.0,6.0
244,10,5.0,2.0,10.0,8.0,6.0,4.0,9.0,1.0,3.0,13.0,9.0,8.0,9.0,3.0,4.0,3.0,1.0,7.0,10.0,10.0,7.0,10.0,7.0,9.0,10.0,8.0,9.0
245,10,3.0,1.0,2.0,6.0,7.0,8.0,4.0,8.0,6.0,9.0,2.0,7.0,8.0,6.0,6.0,1.0,6.0,5.0,7.0,8.0,6.0,7.0,6.0,7.0,9.0,7.0,6.0
246,10,6.0,5.0,5.0,7.0,5.0,5.0,3.0,2.0,6.0,8.0,8.0,9.0,9.0,8.0,9.0,5.0,2.0,7.0,8.0,7.0,6.0,6.0,7.0,7.0,6.0,6.0,4.0
247,10,5.0,4.0,7.0,1.0,3.0,2.0,9.0,4.0,2.0,5.0,3.0,3.0,3.0,3.0,3.0,2.0,6.0,5.0,10.0,8.0,2.0,4.0,3.0,8.0,6.0,2.0,3.0
248,10,7.0,1.0,8.0,7.0,5.0,1.0,8.0,6.0,8.0,6.0,3.0,7.0,7.0,4.0,7.0,6.0,1.0,5.0,6.0,8.0,8.0,8.0,5.0,8.0,6.0,8.0,7.0
249,10,7.0,9.0,1.0,10.0,8.0,6.0,1.0,1.0,6.0,10.0,7.0,3.0,8.0,8.0,5.0,4.0,1.0,7.0,9.0,10.0,7.0,7.0,7.0,9.0,10.0,7.0,7.0
250,10,7.0,2.0,8.0,10.0,10.0,10.0,6.0,1.0,2.0,10.0,1.0,9.0,9.0,10.0,10.0,6.0,5.0,10.0,9.0,10.0,9.0,10.0,10.0,9.0,10.0,9.0,10.0
251,10,7.0,6.0,1.0,6.0,8.0,8.0,5.0,8.0,4.0,9.0,7.0,6.0,9.0,6.0,8.0,2.0,3.0,8.0,10.0,10.0,9.0,9.0,8.0,10.0,10.0,10.0,10.0
252,11,4.0,3.0,3.0,8.0,7.0,6.0,7.0,4.0,9.0,9.0,2.0,9.0,9.0,9.0,9.0,9.0,2.0,9.0,9.0,9.0,9.0,10.0,9.0,10.0,8.0,7.0,7.0
253,11,5.0,3.0,5.0,8.0,10.0,10.0,6.0,1.0,6.0,10.0,7.0,7.0,10.0,7.0,7.0,7.0,3.0,8.0,10.0,8.0,9.0,7.0,8.0,10.0,9.0,9.0,9.0
254,11,8.0,2.0,6.0,10.0,9.0,9.0,8.0,1.0,7.0,9.0,8.0,9.0,9.0,7.0,7.0,7.0,8.0,8.0,7.0,10.0,8.0,8.0,7.0,6.0,10.0,9.0,9.0
255,11,6.0,8.0,9.0,6.0,6.0,6.0,4.0,2.0,5.0,6.0,4.0,7.0,7.0,8.0,8.0,9.0,1.0,6.0,8.0,7.0,6.0,6.0,6.0,6.0,6.0,6.0,6.0
256,11,5.0,3.0,6.0,7.0,6.0,5.0,6.0,5.0,5.0,5.0,8.0,6.0,8.0,8.0,8.0,9.0,3.0,6.0,9.0,8.0,6.0,6.0,7.0,7.0,8.0,6.0,7.0
257,11,7.0,1.0,6.0,9.0,10.0,10.0,10.0,3.0,4.0,10.0,2.0,5.0,10.0,10.0,10.0,4.0,10.0,7.0,9.0,9.0,7.0,10.0,6.0,9.0,9.0,7.0,10.0
258,11,9.0,6.0,7.0,7.0,8.0,3.0,10.0,4.0,1.0,10.0,3.0,8.0,5.0,2.0,6.0,6.0,2.0,6.0,10.0,9.0,8.0,5.0,6.0,10.0,8.0,7.0,6.0
259,11,8.0,3.0,7.0,8.0,7.0,7.0,4.0,2.0,7.0,8.0,6.0,7.0,7.0,5.0,7.0,5.0,6.0,7.0,9.0,8.0,8.0,9.0,7.0,6.0,8.0,8.0,9.0
260,11,9.0,6.0,7.0,9.0,5.0,5.0,6.0,2.0,3.0,9.0,6.0,7.0,7.0,9.0,9.0,5.0,3.0,6.0,9.0,9.0,7.0,6.0,6.0,9.0,9.0,7.0,9.0
261,11,6.0,4.0,3.0,9.0,9.0,8.0,3.0,5.0,8.0,9.0,2.0,9.0,9.0,9.0,9.0,4.0,6.0,5.0,8.0,7.0,7.0,8.0,5.0,8.0,8.0,6.0,9.0
262,11,9.0,9.0,8.0,7.0,7.0,3.0,7.0,1.0,3.0,10.0,4.0,1.0,7.0,5.0,8.0,1.0,1.0,6.0,10.0,9.0,5.0,3.0,6.0,10.0,9.0,4.0,5.0
263,11,1.0,1.0,1.0,5.0,7.0,7.0,7.0,1.0,3.0,9.0,4.0,7.0,7.0,7.0,8.0,9.0,6.0,8.0,8.0,8.0,8.0,5.0,8.0,7.0,10.0,9.0,8.0
264,11,7.0,1.0,7.0,5.0,7.0,8.0,6.0,1.0,5.0,9.0,7.0,4.0,8.0,2.0,6.0,2.0,1.0,8.0,7.0,9.0,8.0,5.0,8.0,7.0,9.0,8.0,6.0
265,11,2.0,9.0,8.0,8.0,7.0,8.0,2.0,1.0,2.0,10.0,6.0,7.0,10.0,8.0,9.0,2.0,1.0,7.0,9.0,10.0,7.0,10.0,6.0,10.0,10.0,4.0,7.0
266,11,5.0,4.0,5.0,4.0,7.0,8.0,8.0,1.0,6.0,5.0,1.0,4.0,10.0,6.0,7.0,2.0,6.0,8.0,8.0,7.0,7.0,4.0,7.0,7.0,7.0,7.0,5.0
267,11,4.0,8.0,5.0,9.0,7.0,6.0,4.0,7.0,8.0,3.0,9.0,5.0,9.0,4.0,9.0,10.0,2.0,7.0,6.0,7.0,5.0,7.0,6.0,6.0,7.0,6.0,5.0
268,11,8.0,6.0,6.0,5.0,4.0,3.0,6.0,5.0,5.0,8.0,4.0,5.0,5.0,4.0,4.0,4.0,4.0,9.0,9.0,9.0,8.0,9.0,9.0,8.0,8.0,7.0,8.0
269,11,4.0,1.0,8.0,8.0,8.0,10.0,7.0,3.0,1.0,10.0,3.0,6.0,6.0,6.0,9.0,4.0,2.0,8.0,8.0,8.0,6.0,7.0,7.0,6.0,7.0,4.0,8.0
270,11,8.0,4.0,6.0,9.0,8.0,7.0,8.0,4.0,6.0,9.0,2.0,7.0,5.0,6.0,7.0,6.0,4.0,5.0,4.0,8.0,7.0,6.0,5.0,5.0,8.0,7.0,5.0
271,11,8.0,7.0,10.0,9.0,10.0,10.0,5.0,5.0,6.0,7.0,7.0,9.0,9.0,9.0,8.0,9.0,5.0,9.0,10.0,9.0,10.0,10.0,9.0,10.0,9.0,10.0,10.0
272,11,6.0,7.0,10.0,10.0,9.0,8.0,7.0,6.0,8.0,9.0,9.0,9.0,9.0,9.0,10.0,9.0,8.0,9.0,10.0,9.0,10.0,10.0,9.0,10.0,9.0,10.0,10.0
273,11,6.0,1.0,5.0,7.0,7.0,4.0,8.0,1.0,3.0,2.0,5.0,7.0,8.0,8.0,8.0,3.0,2.0,7.0,10.0,7.0,5.0,7.0,6.0,9.0,9.0,6.0,8.0
274,11,3.0,3.0,4.0,7.0,6.0,5.0,4.0,5.0,1.0,10.0,7.0,6.0,8.0,9.0,10.0,8.0,7.0,7.0,7.0,9.0,10.0,9.0,7.0,8.0,9.0,9.0,8.0
275,11,9.0,1.0,10.0,6.0,7.0,7.0,4.0,6.0,5.0,10.0,1.0,9.0,7.0,7.0,9.0,5.0,9.0,10.0,7.0,10.0,6.0,10.0,9.0,6.0,10.0,5.0,10.0
276,11,6.0,2.0,8.0,9.0,8.0,9.0,2.0,3.0,6.0,9.0,1.0,4.0,7.0,6.0,7.0,2.0,2.0,7.0,6.0,10.0,7.0,8.0,5.0,6.0,9.0,6.0,7.0
277,11,10.0,6.0,10.0,5.0,8.0,8.0,10.0,5.0,3.0,8.0,2.0,7.0,8.0,6.0,6.0,1.0,2.0,4.0,8.0,8.0,8.0,5.0,4.0,8.0,8.0,8.0,5.0
278,11,8.0,1.0,5.0,9.0,9.0,9.0,9.0,5.0,8.0,9.0,5.0,7.0,9.0,9.0,9.0,5.0,1.0,8.0,8.0,8.0,8.0,8.0,6.0,8.0,8.0,7.0,7.0
279,11,7.0,1.0,6.0,5.0,2.0,3.0,5.0,3.0,4.0,9.0,6.0,3.0,8.0,1.0,2.0,1.0,1.0,8.0,9.0,10.0,6.0,7.0,7.0,6.0,8.0,7.0,8.0
280,11,8.0,1.0,5.0,5.0,6.0,5.0,5.0,4.0,2.0,10.0,2.0,7.0,10.0,7.0,8.0,2.0,2.0,5.0,9.0,8.0,5.0,6.0,5.0,8.0,9.0,5.0,7.0
281,11,4.0,4.0,2.0,4.0,7.0,5.0,8.0,1.0,2.0,6.0,2.0,6.0,8.0,7.0,5.0,3.0,9.0,7.0,8.0,8.0,6.0,5.0,7.0,7.0,9.0,4.0,7.0
282,11,10.0,10.0,10.0,5.0,4.0,4.0,4.0,7.0,8.0,9.0,5.0,7.0,7.0,7.0,10.0,5.0,1.0,7.0,9.0,7.0,9.0,10.0,7.0,10.0,9.0,9.0,10.0
283,11,9.0,6.0,6.0,6.0,4.0,4.0,8.0,6.0,6.0,8.0,1.0,5.0,3.0,3.0,7.0,2.0,7.0,9.0,9.0,9.0,9.0,9.0,9.0,8.0,8.0,7.0,9.0
284,11,9.0,2.0,5.0,7.0,7.0,9.0,8.0,1.0,5.0,9.0,5.0,5.0,9.0,8.0,9.0,8.0,5.0,7.0,6.0,8.0,7.0,7.0,7.0,5.0,6.0,7.0,8.0
285,11,5.0,7.0,6.0,10.0,9.0,10.0,9.0,14.0,5.0,9.0,7.0,3.0,10.0,10.0,10.0,10.0,10.0,8.0,10.0,10.0,10.0,8.0,8.0,10.0,10.0,8.0,10.0
286,11,7.0,3.0,4.0,3.0,8.0,7.0,9.0,9.0,4.0,8.0,6.0,8.0,7.0,8.0,6.0,3.0,8.0,3.0,6.0,7.0,6.0,7.0,3.0,5.0,8.0,5.0,6.0
287,11,2.0,1.0,5.0,7.0,2.0,2.0,9.0,6.0,4.0,10.0,8.0,8.0,10.0,8.0,8.0,8.0,8.0,7.0,10.0,7.0,5.0,10.0,7.0,8.0,7.0,4.0,10.0
288,11,9.0,5.0,3.0,8.0,5.0,5.0,6.0,4.0,4.0,9.0,2.0,6.0,7.0,5.0,7.0,2.0,2.0,5.0,8.0,8.0,7.0,7.0,5.0,8.0,7.0,6.0,6.0
289,11,10.0,6.0,1.0,7.0,3.0,6.0,10.0,5.0,3.0,10.0,6.0,5.0,7.0,6.0,8.0,2.0,1.0,4.0,9.0,8.0,10.0,8.0,4.0,6.0,8.0,9.0,10.0
290,11,7.0,1.0,8.0,7.0,7.0,4.0,3.0,2.0,1.0,10.0,1.0,3.0,5.0,9.0,10.0,2.0,5.0,5.0,4.0,10.0,5.0,9.0,5.0,7.0,10.0,5.0,7.0
291,11,9.0,7.0,7.0,7.0,7.0,7.0,5.0,6.0,5.0,7.0,5.0,6.0,7.0,5.0,8.0,5.0,5.0,6.0,9.0,9.0,7.0,9.0,6.0,9.0,9.0,7.0,8.0
292,11,10.0,5.0,8.0,8.0,7.0,5.0,10.0,7.0,9.0,7.0,4.0,7.0,9.0,5.0,10.0,1.0,1.0,8.0,10.0,10.0,8.0,10.0,10.0,7.0,10.0,6.0,9.0
293,11,6.0,9.0,7.0,10.0,8.0,7.0,6.0,6.0,8.0,9.0,6.0,9.0,9.0,8.0,8.0,6.0,4.0,7.0,10.0,9.0,9.0,9.0,7.0,9.0,9.0,8.0,9.0
294,12,7.0,8.0,4.0,9.0,10.0,10.0,1.0,1.0,7.0,10.0,3.0,10.0,9.0,7.0,8.0,8.0,5.0,9.0,10.0,9.0,7.0,7.0,9.0,10.0,10.0,5.0,7.0
295,12,7.0,8.0,8.0,5.0,7.0,5.0,3.0,1.0,2.0,10.0,7.0,10.0,10.0,8.0,8.0,5.0,8.0,7.0,10.0,8.0,8.0,8.0,7.0,9.0,8.0,7.0,7.0
296,12,4.0,5.0,2.0,8.0,8.0,7.0,6.0,5.0,9.0,9.0,9.0,8.0,7.0,8.0,10.0,9.0,7.0,8.0,9.0,10.0,6.0,9.0,6.0,9.0,10.0,6.0,8.0
297,12,5.0,2.0,8.0,8.0,10.0,10.0,3.0,3.0,5.0,10.0,8.0,10.0,10.0,8.0,8.0,8.0,6.0,8.0,10.0,8.0,9.0,9.0,8.0,10.0,8.0,9.0,9.0
298,12,3.0,1.0,3.0,5.0,10.0,10.0,3.0,1.0,4.0,10.0,5.0,10.0,10.0,10.0,10.0,9.0,7.0,7.0,10.0,10.0,9.0,10.0,7.0,10.0,10.0,9.0,10.0
299,12,7.0,1.0,7.0,8.0,9.0,8.0,9.0,4.0,9.0,9.0,6.0,7.0,9.0,7.0,9.0,5.0,4.0,6.0,9.0,8.0,9.0,9.0,6.0,9.0,8.0,9.0,8.0
300,12,8.0,2.0,8.0,9.0,10.0,10.0,7.0,2.0,5.0,8.0,2.0,10.0,8.0,8.0,10.0,4.0,2.0,8.0,9.0,9.0,9.0,10.0,8.0,10.0,10.0,9.0,10.0
301,12,5.0,3.0,9.0,10.0,7.0,8.0,5.0,1.0,5.0,9.0,5.0,9.0,10.0,9.0,9.0,5.0,9.0,9.0,9.0,9.0,8.0,8.0,8.0,9.0,9.0,8.0,9.0
302,12,10.0,10.0,9.0,7.0,5.0,6.0,6.0,6.0,8.0,5.0,7.0,7.0,7.0,9.0,9.0,6.0,6.0,8.0,8.0,8.0,8.0,10.0,8.0,7.0,8.0,9.0,9.0
303,12,7.0,1.0,9.0,9.0,9.0,7.0,7.0,1.0,1.0,10.0,2.0,9.0,9.0,8.0,9.0,5.0,1.0,8.0,10.0,8.0,9.0,6.0,8.0,10.0,9.0,8.0,7.0
304,12,10.0,1.0,8.0,7.0,7.0,8.0,2.0,1.0,4.0,8.0,1.0,8.0,9.0,7.0,7.0,8.0,9.0,6.0,10.0,8.0,10.0,8.0,7.0,10.0,9.0,10.0,9.0
305,12,8.0,2.0,7.0,10.0,7.0,7.0,8.0,2.0,7.0,8.0,7.0,8.0,9.0,7.0,7.0,9.0,8.0,7.0,9.0,9.0,8.0,5.0,7.0,9.0,9.0,8.0,7.0
306,12,6.0,6.0,9.0,8.0,5.0,5.0,7.0,4.0,5.0,6.0,9.0,9.0,9.0,5.0,5.0,9.0,5.0,6.0,9.0,8.0,8.0,8.0,6.0,8.0,9.0,8.0,7.0
307,12,10.0,8.0,10.0,9.0,8.0,9.0,10.0,1.0,5.0,10.0,7.0,10.0,10.0,8.0,10.0,9.0,3.0,5.0,8.0,8.0,7.0,8.0,5.0,8.0,8.0,7.0,8.0
308,12,7.0,7.0,7.0,8.0,8.0,8.0,8.0,7.0,3.0,7.0,9.0,8.0,9.0,7.0,8.0,7.0,7.0,7.0,10.0,8.0,8.0,7.0,7.0,10.0,8.0,8.0,7.0
309,12,6.0,4.0,4.0,9.0,8.0,10.0,8.0,5.0,7.0,9.0,6.0,8.0,9.0,8.0,10.0,4.0,4.0,7.0,8.0,9.0,9.0,7.0,7.0,8.0,9.0,9.0,9.0
310,12,2.0,2.0,3.0,7.0,6.0,6.0,3.0,8.0,5.0,9.0,8.0,7.0,9.0,5.0,6.0,5.0,3.0,7.0,6.0,7.0,8.0,4.0,7.0,5.0,9.0,7.0,5.0
311,12,10.0,8.0,9.0,10.0,7.0,6.0,8.0,9.0,1.0,7.0,4.0,6.0,8.0,10.0,10.0,9.0,8.0,9.0,9.0,9.0,10.0,3.0,9.0,5.0,5.0,10.0,2.0
312,12,7.0,7.0,5.0,7.0,9.0,8.0,10.0,5.0,3.0,8.0,5.0,6.0,9.0,7.0,8.0,2.0,1.0,8.0,7.0,9.0,7.0,9.0,9.0,10.0,8.0,5.0,9.0
313,12,9.0,8.0,6.0,8.0,6.0,3.0,6.0,1.0,9.0,6.0,3.0,2.0,7.0,8.0,10.0,5.0,1.0,7.0,8.0,8.0,8.0,6.0,7.0,8.0,8.0,8.0,6.0
314,12,9.0,2.0,7.0,8.0,6.0,4.0,2.0,2.0,2.0,6.0,7.0,3.0,7.0,6.0,8.0,8.0,8.0,8.0,8.0,9.0,8.0,7.0,7.0,6.0,9.0,5.0,5.0
315,12,8.0,2.0,2.0,8.0,8.0,8.0,8.0,2.0,8.0,7.0,1.0,8.0,9.0,7.0,7.0,2.0,2.0,6.0,10.0,8.0,6.0,7.0,5.0,10.0,8.0,6.0,5.0
316,12,9.0,3.0,5.0,7.0,6.0,6.0,6.0,4.0,6.0,9.0,5.0,4.0,4.0,7.0,9.0,4.0,1.0,6.0,8.0,8.0,7.0,9.0,5.0,8.0,9.0,7.0,9.0
317,12,8.0,1.0,5.0,10.0,6.0,10.0,4.0,3.0,8.0,4.0,1.0,10.0,10.0,8.0,9.0,1.0,1.0,7.0,3.0,8.0,8.0,5.0,7.0,3.0,8.0,8.0,3.0
318,12,8.0,4.0,8.0,6.0,4.0,5.0,7.0,7.0,7.0,7.0,6.0,7.0,8.0,5.0,8.0,7.0,6.0,6.0,10.0,10.0,6.0,10.0,2.0,10.0,8.0,3.0,6.0
319,12,8.0,7.0,5.0,7.0,5.0,4.0,8.0,7.0,1.0,5.0,7.0,2.0,2.0,10.0,9.0,2.0,3.0,5.0,10.0,9.0,6.0,3.0,4.0,7.0,8.0,8.0,9.0
320,12,4.0,1.0,9.0,9.0,8.0,4.0,6.0,3.0,1.0,10.0,1.0,5.0,7.0,2.0,5.0,2.0,1.0,8.0,8.0,9.0,9.0,7.0,7.0,8.0,8.0,9.0,8.0
321,12,7.0,4.0,4.0,8.0,5.0,5.0,4.0,2.0,7.0,5.0,2.0,6.0,8.0,6.0,7.0,2.0,1.0,6.0,8.0,7.0,7.0,8.0,6.0,8.0,7.0,7.0,8.0
322,13,8.0,7.0,7.0,6.0,6.0,6.0,9.0,3.0,6.0,7.0,2.0,8.0,8.0,8.0,8.0,3.0,1.0,5.0,9.0,7.0,8.0,7.0,4.0,9.0,7.0,7.0,6.0
323,13,5.0,7.0,7.0,7.0,8.0,7.0,7.0,6.0,6.0,7.0,8.0,9.0,9.0,8.0,8.0,8.0,6.0,7.0,9.0,8.0,6.0,3.0,7.0,9.0,6.0,6.0,1.0
324,13,8.0,8.0,6.0,10.0,8.0,8.0,9.0,6.0,9.0,7.0,8.0,10.0,8.0,10.0,10.0,7.0,7.0,9.0,9.0,9.0,9.0,8.0,9.0,10.0,9.0,10.0,9.0
325,13,5.0,7.0,9.0,9.0,9.0,9.0,7.0,7.0,7.0,9.0,7.0,9.0,9.0,9.0,9.0,4.0,6.0,7.0,9.0,8.0,7.0,8.0,7.0,9.0,8.0,7.0,8.0
326,13,2.0,2.0,3.0,8.0,8.0,8.0,2.0,2.0,6.0,9.0,6.0,10.0,8.0,10.0,10.0,10.0,8.0,8.0,9.0,9.0,6.0,8.0,8.0,8.0,7.0,7.0,6.0
327,13,1.0,1.0,5.0,10.0,8.0,7.0,7.0,1.0,6.0,10.0,1.0,9.0,8.0,9.0,9.0,1.0,5.0,7.0,7.0,8.0,9.0,10.0,8.0,8.0,8.0,8.0,10.0
328,13,8.0,3.0,10.0,10.0,10.0,10.0,10.0,1.0,5.0,10.0,7.0,10.0,10.0,10.0,10.0,5.0,10.0,7.0,10.0,10.0,8.0,10.0,9.0,10.0,10.0,8.0,8.0
329,13,3.0,2.0,7.0,7.0,10.0,10.0,3.0,1.0,4.0,10.0,2.0,10.0,7.0,6.0,8.0,2.0,1.0,8.0,9.0,8.0,5.0,8.0,7.0,9.0,8.0,2.0,6.0
330,13,8.0,7.0,7.0,8.0,5.0,5.0,2.0,2.0,9.0,5.0,7.0,2.0,8.0,4.0,9.0,5.0,2.0,8.0,10.0,7.0,9.0,9.0,9.0,9.0,9.0,9.0,9.0
331,13,4.0,7.0,4.0,6.0,7.0,7.0,10.0,2.0,1.0,9.0,3.0,7.0,7.0,9.0,9.0,4.0,10.0,7.0,9.0,7.0,9.0,4.0,7.0,7.0,7.0,9.0,7.0
332,13,7.0,2.0,8.0,5.0,10.0,10.0,7.0,3.0,7.0,9.0,5.0,8.0,10.0,5.0,9.0,7.0,1.0,5.0,10.0,6.0,6.0,10.0,4.0,6.0,4.0,3.0,8.0
333,13,10.0,5.0,10.0,7.0,3.0,1.0,10.0,5.0,3.0,8.0,2.0,4.0,8.0,2.0,4.0,3.0,6.0,7.0,4.0,9.0,7.0,9.0,8.0,6.0,10.0,7.0,8.0
334,13,9.0,4.0,9.0,9.0,8.0,8.0,5.0,6.0,8.0,5.0,5.0,6.0,6.0,3.0,5.0,8.0,5.0,8.0,7.0,8.0,8.0,9.0,8.0,8.0,8.0,8.0,8.0
335,13,9.0,1.0,9.0,4.0,7.0,7.0,4.0,1.0,4.0,8.0,6.0,5.0,4.0,3.0,8.0,5.0,7.0,8.0,7.0,8.0,9.0,8.0,8.0,7.0,9.0,9.0,9.0
336,13,5.0,4.0,4.0,5.0,8.0,10.0,4.0,1.0,1.0,9.0,4.0,6.0,10.0,10.0,10.0,3.0,4.0,5.0,9.0,7.0,7.0,9.0,4.0,6.0,6.0,5.0,10.0
337,13,9.0,9.0,8.0,8.0,8.0,7.0,5.0,4.0,6.0,7.0,5.0,7.0,8.0,7.0,6.0,4.0,4.0,6.0,6.0,6.0,6.0,6.0,6.0,6.0,6.0,6.0,6.0
338,13,4.0,2.0,7.0,6.0,8.0,8.0,8.0,6.0,6.0,8.0,4.0,10.0,10.0,7.0,7.0,5.0,10.0,7.0,9.0,9.0,7.0,10.0,7.0,9.0,9.0,7.0,9.0
339,13,,,,,,,,,,,,,,,,,,,,,,,,,,,
340,13,,,,,,,,,,,,,,,,,,,,,,,,,,,
341,14,1.0,2.0,1.0,10.0,9.0,9.0,8.0,1.0,6.0,10.0,10.0,10.0,10.0,10.0,10.0,9.0,10.0,7.0,9.0,7.0,9.0,9.0,7.0,7.0,6.0,6.0,6.0
342,14,3.0,4.0,4.0,10.0,9.0,10.0,1.0,1.0,8.0,7.0,10.0,8.0,10.0,1.0,4.0,10.0,4.0,10.0,10.0,10.0,10.0,10.0,10.0,10.0,10.0,10.0,10.0
343,14,6.0,3.0,3.0,10.0,10.0,10.0,8.0,2.0,3.0,5.0,4.0,8.0,9.0,9.0,9.0,9.0,7.0,4.0,8.0,10.0,6.0,7.0,6.0,7.0,9.0,6.0,8.0
344,14,9.0,7.0,5.0,6.0,7.0,6.0,4.0,3.0,9.0,4.0,4.0,9.0,9.0,9.0,9.0,9.0,5.0,7.0,7.0,8.0,8.0,9.0,8.0,8.0,9.0,8.0,9.0
345,14,5.0,1.0,10.0,6.0,5.0,5.0,3.0,4.0,8.0,9.0,6.0,7.0,7.0,8.0,9.0,6.0,9.0,7.0,9.0,9.0,7.0,7.0,6.0,10.0,10.0,7.0,10.0
346,14,,,,,,,,,,,,,,,,,,,,,,,,,,,
347,14,1.0,1.0,2.0,10.0,3.0,3.0,1.0,1.0,8.0,2.0,5.0,3.0,8.0,1.0,7.0,10.0,1.0,8.0,6.0,10.0,10.0,10.0,10.0,2.0,10.0,8.0,9.0
348,14,3.0,5.0,1.0,10.0,10.0,10.0,2.0,1.0,9.0,10.0,7.0,10.0,7.0,7.0,7.0,10.0,5.0,6.0,10.0,10.0,10.0,10.0,5.0,8.0,8.0,8.0,8.0
349,14,2.0,3.0,10.0,8.0,7.0,8.0,7.0,1.0,6.0,7.0,4.0,8.0,8.0,8.0,9.0,6.0,7.0,7.0,8.0,9.0,8.0,7.0,8.0,7.0,8.0,9.0,9.0
350,14,9.0,2.0,10.0,9.0,8.0,8.0,8.0,7.0,7.0,9.0,9.0,9.0,9.0,9.0,9.0,5.0,7.0,7.0,10.0,8.0,6.0,8.0,7.0,9.0,7.0,4.0,8.0
351,14,5.0,2.0,5.0,10.0,10.0,10.0,7.0,2.0,3.0,10.0,3.0,10.0,10.0,10.0,10.0,5.0,5.0,8.0,10.0,8.0,7.0,9.0,8.0,8.0,8.0,8.0,8.0
352,14,8.0,5.0,10.0,10.0,10.0,10.0,8.0,4.0,5.0,5.0,8.0,9.0,9.0,10.0,10.0,7.0,7.0,9.0,10.0,9.0,9.0,8.0,9.0,9.0,9.0,8.0,9.0
353,14,3.0,4.0,5.0,8.0,9.0,9.0,8.0,8.0,5.0,6.0,4.0,9.0,9.0,8.0,9.0,8.0,5.0,6.0,6.0,6.0,6.0,6.0,8.0,8.0,8.0,8.0,8.0
354,14,10.0,10.0,10.0,10.0,8.0,8.0,1.0,1.0,1.0,8.0,10.0,10.0,10.0,10.0,10.0,10.0,6.0,7.0,7.0,8.0,10.0,8.0,7.0,8.0,8.0,10.0,8.0
355,14,9.0,1.0,7.0,8.0,7.0,7.0,7.0,1.0,9.0,9.0,2.0,9.0,9.0,9.0,9.0,9.0,2.0,6.0,10.0,8.0,8.0,8.0,6.0,6.0,7.0,8.0,8.0
356,14,10.0,9.0,8.0,10.0,8.0,5.0,7.0,1.0,5.0,8.0,9.0,8.0,9.0,7.0,10.0,5.0,6.0,7.0,10.0,9.0,8.0,6.0,7.0,10.0,9.0,7.0,9.0
357,14,2.0,6.0,10.0,10.0,10.0,10.0,8.0,1.0,7.0,10.0,6.0,10.0,8.0,7.0,7.0,8.0,1.0,6.0,10.0,7.0,7.0,6.0,7.0,7.0,6.0,6.0,6.0
358,14,6.0,2.0,7.0,10.0,4.0,5.0,2.0,4.0,9.0,9.0,6.0,5.0,8.0,4.0,5.0,7.0,3.0,8.0,7.0,8.0,8.0,7.0,8.0,7.0,8.0,8.0,7.0
359,14,2.0,1.0,1.0,7.0,2.0,2.0,6.0,8.0,1.0,10.0,3.0,7.0,8.0,8.0,8.0,1.0,4.0,7.0,10.0,9.0,2.0,8.0,4.0,8.0,8.0,4.0,2.0
360,14,9.0,7.0,6.0,9.0,7.0,8.0,9.0,9.0,1.0,7.0,6.0,7.0,7.0,10.0,10.0,7.0,8.0,8.0,10.0,8.0,8.0,8.0,8.0,10.0,9.0,8.0,9.0
361,14,3.0,1.0,3.0,5.0,9.0,10.0,3.0,3.0,4.0,10.0,6.0,8.0,9.0,7.0,7.0,3.0,2.0,7.0,7.0,7.0,5.0,9.0,7.0,7.0,7.0,3.0,3.0
362,14,8.0,2.0,1.0,9.0,6.0,6.0,6.0,4.0,7.0,6.0,4.0,6.0,6.0,6.0,6.0,7.0,2.0,7.0,7.0,8.0,9.0,8.0,7.0,7.0,8.0,10.0,8.0
363,14,3.0,3.0,9.0,10.0,4.0,5.0,8.0,6.0,9.0,7.0,5.0,5.0,8.0,7.0,5.0,8.0,5.0,5.0,7.0,8.0,8.0,3.0,5.0,8.0,7.0,7.0,4.0
364,14,9.0,7.0,9.0,9.0,4.0,3.0,3.0,5.0,1.0,9.0,5.0,4.0,7.0,5.0,6.0,8.0,1.0,8.0,8.0,9.0,8.0,9.0,8.0,8.0,9.0,9.0,10.0
365,14,7.0,3.0,3.0,9.0,9.0,10.0,8.0,4.0,8.0,8.0,1.0,5.0,7.0,9.0,10.0,5.0,5.0,8.0,2.0,9.0,9.0,9.0,8.0,7.0,7.0,8.0,7.0
366,14,6.0,6.0,4.0,8.0,9.0,9.0,7.0,6.0,8.0,9.0,4.0,6.0,7.0,10.0,10.0,8.0,6.0,6.0,8.0,8.0,9.0,10.0,5.0,8.0,8.0,10.0,10.0
367,14,6.0,7.0,8.0,8.0,5.0,5.0,3.0,4.0,8.0,5.0,6.0,3.0,3.0,7.0,8.0,7.0,2.0,7.0,7.0,7.0,8.0,5.0,7.0,5.0,6.0,9.0,6.0
368,14,4.0,6.0,4.0,8.0,9.0,7.0,3.0,8.0,9.0,9.0,9.0,7.0,9.0,8.0,9.0,8.0,4.0,6.0,8.0,8.0,8.0,7.0,6.0,7.0,8.0,7.0,8.0
369,14,2.0,6.0,2.0,6.0,7.0,7.0,7.0,1.0,1.0,10.0,3.0,7.0,5.0,6.0,8.0,1.0,1.0,6.0,9.0,10.0,9.0,7.0,6.0,9.0,10.0,9.0,7.0
370,14,7.0,8.0,7.0,7.0,6.0,6.0,3.0,1.0,6.0,7.0,2.0,2.0,2.0,5.0,9.0,4.0,1.0,8.0,6.0,9.0,9.0,9.0,8.0,6.0,9.0,9.0,9.0
371,14,10.0,7.0,7.0,3.0,3.0,3.0,3.0,3.0,3.0,4.0,5.0,3.0,6.0,10.0,10.0,1.0,7.0,10.0,8.0,10.0,10.0,10.0,10.0,10.0,10.0,10.0,10.0
372,14,9.0,10.0,8.0,9.0,9.0,9.0,7.0,4.0,2.0,9.0,6.0,8.0,6.0,7.0,7.0,4.0,2.0,7.0,8.0,9.0,8.0,8.0,7.0,8.0,8.0,8.0,7.0
373,14,7.0,5.0,8.0,8.0,7.0,6.0,3.0,5.0,9.0,8.0,2.0,3.0,4.0,5.0,9.0,8.0,2.0,9.0,8.0,9.0,9.0,9.0,9.0,7.0,8.0,10.0,8.0
374,14,10.0,10.0,8.0,7.0,8.0,8.0,5.0,5.0,6.0,5.0,6.0,9.0,10.0,9.0,8.0,4.0,4.0,6.0,7.0,7.0,6.0,7.0,7.0,7.0,6.0,6.0,6.0
375,14,9.0,8.0,5.0,8.0,4.0,4.0,2.0,2.0,7.0,5.0,6.0,5.0,6.0,3.0,6.0,7.0,3.0,8.0,9.0,8.0,9.0,9.0,9.0,8.0,8.0,8.0,9.0
376,14,4.0,1.0,4.0,10.0,5.0,6.0,7.0,7.0,3.0,3.0,9.0,7.0,9.0,5.0,6.0,9.0,5.0,6.0,10.0,9.0,8.0,10.0,6.0,9.0,10.0,8.0,10.0
377,14,7.0,9.0,6.0,6.0,3.0,3.0,1.0,7.0,8.0,6.0,8.0,5.0,8.0,7.0,8.0,6.0,2.0,7.0,8.0,7.0,8.0,7.0,7.0,6.0,7.0,8.0,7.0
378,14,9.0,5.0,10.0,5.0,4.0,4.0,2.0,1.0,8.0,7.0,3.0,3.0,8.0,5.0,8.0,5.0,2.0,6.0,7.0,9.0,7.0,7.0,6.0,6.0,9.0,8.0,7.0
379,15,4.0,4.0,6.0,7.0,8.0,8.0,7.0,2.0,2.0,6.0,7.0,7.0,9.0,6.0,6.0,3.0,5.0,6.0,9.0,8.0,6.0,9.0,5.0,8.0,8.0,5.0,9.0
380,15,7.0,8.0,8.0,8.0,5.0,5.0,3.0,1.0,5.0,5.0,7.0,7.0,10.0,9.0,9.0,9.0,9.0,4.0,7.0,9.0,9.0,9.0,3.0,7.0,9.0,9.0,9.0
381,15,5.0,5.0,5.0,7.0,8.0,8.0,6.0,5.0,6.0,9.0,6.0,4.0,8.0,7.0,8.0,8.0,7.0,7.0,7.0,9.0,10.0,8.0,7.0,8.0,8.0,9.0,9.0
382,15,6.0,5.0,10.0,10.0,9.0,9.0,6.0,8.0,3.0,8.0,10.0,8.0,10.0,9.0,9.0,9.0,1.0,7.0,7.0,7.0,7.0,10.0,8.0,8.0,8.0,8.0,8.0
383,15,9.0,7.0,9.0,9.0,8.0,8.0,5.0,1.0,5.0,6.0,9.0,4.0,9.0,8.0,7.0,7.0,4.0,7.0,9.0,6.0,7.0,6.0,8.0,9.0,8.0,9.0,9.0
384,15,8.0,5.0,7.0,9.0,10.0,10.0,3.0,3.0,7.0,6.0,7.0,10.0,10.0,5.0,6.0,6.0,3.0,8.0,8.0,8.0,9.0,9.0,7.0,8.0,8.0,10.0,10.0
385,15,7.0,5.0,8.0,10.0,10.0,10.0,10.0,6.0,8.0,9.0,6.0,10.0,10.0,8.0,10.0,9.0,8.0,8.0,8.0,8.0,6.0,6.0,7.0,10.0,6.0,8.0,5.0
386,15,1.0,3.0,5.0,8.0,7.0,7.0,2.0,5.0,7.0,8.0,8.0,9.0,9.0,8.0,8.0,8.0,3.0,7.0,8.0,9.0,9.0,9.0,6.0,8.0,8.0,7.0,9.0
387,15,5.0,5.0,8.0,8.0,6.0,6.0,4.0,3.0,8.0,7.0,7.0,8.0,8.0,7.0,7.0,8.0,2.0,8.0,8.0,8.0,8.0,8.0,7.0,7.0,7.0,7.0,7.0
388,15,7.0,4.0,8.0,7.0,3.0,3.0,5.0,3.0,4.0,7.0,6.0,6.0,7.0,6.0,6.0,6.0,4.0,8.0,8.0,8.0,7.0,8.0,7.0,9.0,9.0,8.0,9.0
389,15,7.0,8.0,5.0,8.0,7.0,7.0,10.0,2.0,1.0,10.0,7.0,8.0,8.0,10.0,10.0,7.0,8.0,8.0,10.0,7.0,9.0,5.0,8.0,10.0,9.0,7.0,7.0
390,15,6.0,1.0,6.0,10.0,6.0,6.0,8.0,1.0,4.0,10.0,6.0,8.0,8.0,8.0,8.0,4.0,6.0,8.0,8.0,8.0,8.0,8.0,8.0,8.0,8.0,8.0,8.0
391,15,8.0,1.0,6.0,8.0,6.0,7.0,9.0,1.0,9.0,9.0,1.0,3.0,5.0,5.0,5.0,4.0,2.0,8.0,9.0,9.0,9.0,7.0,8.0,9.0,9.0,9.0,7.0
392,15,4.0,3.0,3.0,9.0,10.0,9.0,9.0,1.0,3.0,10.0,6.0,8.0,10.0,5.0,10.0,7.0,7.0,4.0,7.0,8.0,7.0,7.0,5.0,6.0,7.0,8.0,5.0
393,15,3.0,2.0,3.0,5.0,9.0,9.0,4.0,3.0,4.0,9.0,6.0,7.0,8.0,7.0,7.0,5.0,4.0,7.0,9.0,8.0,8.0,8.0,7.0,8.0,8.0,8.0,8.0
394,15,3.0,1.0,4.0,9.0,8.0,8.0,10.0,1.0,1.0,10.0,6.0,9.0,9.0,8.0,7.0,7.0,2.0,9.0,8.0,7.0,7.0,7.0,8.0,8.0,7.0,7.0,7.0
395,15,3.0,4.0,4.0,10.0,8.0,8.0,6.0,1.0,8.0,9.0,3.0,10.0,10.0,7.0,9.0,7.0,8.0,8.0,8.0,9.0,7.0,7.0,9.0,8.0,8.0,7.0,8.0
396,15,3.0,8.0,7.0,10.0,10.0,10.0,7.0,7.0,7.0,10.0,9.0,10.0,10.0,10.0,10.0,7.0,7.0,8.0,10.0,10.0,10.0,8.0,8.0,10.0,10.0,10.0,9.0
397,15,9.0,8.0,8.0,6.0,7.0,7.0,6.0,2.0,6.0,7.0,5.0,7.0,8.0,4.0,7.0,5.0,1.0,7.0,7.0,10.0,7.0,9.0,6.0,6.0,9.0,7.0,8.0
398,15,4.0,1.0,2.0,10.0,7.0,7.0,9.0,9.0,8.0,7.0,7.0,7.0,9.0,6.0,5.0,6.0,2.0,7.0,6.0,7.0,10.0,8.0,7.0,6.0,8.0,10.0,7.0
399,15,9.0,2.0,9.0,9.0,9.0,9.0,7.0,3.0,5.0,9.0,1.0,6.0,7.0,8.0,10.0,3.0,8.0,9.0,9.0,9.0,9.0,9.0,8.0,9.0,9.0,10.0,10.0
400,15,7.0,4.0,7.0,7.0,6.0,6.0,6.0,1.0,8.0,7.0,1.0,7.0,7.0,6.0,7.0,1.0,1.0,7.0,10.0,8.0,6.0,7.0,7.0,7.0,9.0,6.0,9.0
401,15,10.0,1.0,4.0,8.0,8.0,8.0,8.0,2.0,5.0,5.0,1.0,8.0,8.0,10.0,10.0,7.0,3.0,8.0,5.0,10.0,7.0,5.0,8.0,7.0,10.0,5.0,6.0
402,15,10.0,2.0,6.0,9.0,6.0,6.0,9.0,7.0,4.0,3.0,3.0,5.0,8.0,4.0,4.0,6.0,9.0,6.0,8.0,10.0,7.0,9.0,7.0,10.0,10.0,8.0,9.0
403,15,9.0,8.0,3.0,7.0,4.0,3.0,5.0,3.0,3.0,5.0,6.0,5.0,8.0,3.0,6.0,2.0,1.0,4.0,8.0,9.0,7.0,9.0,4.0,8.0,9.0,7.0,7.0
404,15,10.0,5.0,8.0,10.0,8.0,8.0,9.0,7.0,9.0,8.0,4.0,5.0,8.0,7.0,8.0,6.0,3.0,6.0,9.0,8.0,7.0,8.0,8.0,6.0,8.0,7.0,6.0
405,15,6.0,1.0,6.0,9.0,8.0,9.0,2.0,6.0,8.0,8.0,6.0,10.0,9.0,7.0,9.0,9.0,5.0,8.0,8.0,9.0,10.0,10.0,8.0,8.0,9.0,10.0,9.0
406,15,4.0,6.0,8.0,9.0,6.0,7.0,8.0,6.0,6.0,7.0,7.0,8.0,9.0,7.0,10.0,2.0,1.0,6.0,7.0,8.0,8.0,9.0,6.0,8.0,7.0,7.0,8.0
407,15,8.0,4.0,7.0,9.0,9.0,9.0,7.0,4.0,2.0,9.0,5.0,7.0,10.0,9.0,9.0,7.0,7.0,7.0,9.0,7.0,8.0,8.0,5.0,6.0,7.0,6.0,7.0
408,15,7.0,7.0,9.0,8.0,9.0,8.0,3.0,5.0,1.0,6.0,2.0,4.0,8.0,6.0,10.0,2.0,1.0,8.0,7.0,8.0,10.0,9.0,8.0,9.0,8.0,10.0,7.0
409,15,10.0,4.0,1.0,4.0,7.0,8.0,10.0,2.0,8.0,7.0,2.0,6.0,8.0,10.0,10.0,5.0,2.0,7.0,9.0,9.0,8.0,8.0,7.0,9.0,9.0,7.0,7.0
410,15,10.0,8.0,5.0,8.0,1.0,1.0,8.0,10.0,1.0,8.0,2.0,2.0,4.0,4.0,5.0,1.0,1.0,7.0,10.0,10.0,6.0,10.0,7.0,10.0,10.0,5.0,10.0
411,15,7.0,6.0,6.0,7.0,7.0,6.0,3.0,3.0,1.0,8.0,1.0,7.0,6.0,7.0,10.0,8.0,3.0,8.0,6.0,7.0,9.0,5.0,7.0,7.0,7.0,8.0,6.0
412,15,10.0,10.0,10.0,5.0,8.0,8.0,0.0,7.0,3.0,8.0,6.0,5.0,5.0,8.0,8.0,4.0,4.0,7.0,7.0,8.0,8.0,8.0,7.0,7.0,10.0,10.0,10.0
413,15,6.0,7.0,5.0,7.0,5.0,3.0,5.0,5.0,4.0,6.0,8.0,6.0,9.0,6.0,6.0,7.0,0.0,7.0,9.0,8.0,7.0,6.0,7.0,8.0,8.0,6.0,7.0
414,15,10.0,5.0,9.0,5.0,0.0,0.0,5.0,5.0,0.0,8.0,7.0,0.0,0.0,0.0,1.0,2.0,0.0,,,,,,,,,,
415,15,1.0,1.0,6.0,6.0,7.0,5.0,1.0,1.0,3.0,10.0,1.0,6.0,6.0,3.0,7.0,1.0,1.0,7.0,8.0,10.0,4.0,8.0,7.0,4.0,10.0,3.0,10.0
416,16,4.0,1.0,8.0,8.0,7.0,6.0,6.0,1.0,8.0,7.0,8.0,5.0,7.0,5.0,10.0,4.0,3.0,,,,,,,,,,
417,16,6.0,1.0,4.0,5.0,8.0,8.0,8.0,3.0,5.0,7.0,2.0,6.0,7.0,7.0,6.0,3.0,8.0,7.0,8.0,8.0,4.0,8.0,7.0,8.0,8.0,4.0,8.0
418,16,2.0,2.0,5.0,9.0,7.0,8.0,6.0,5.0,6.0,10.0,8.0,8.0,10.0,7.0,9.0,7.0,7.0,7.0,9.0,8.0,7.0,5.0,7.0,9.0,8.0,7.0,5.0
419,16,6.0,2.0,5.0,8.0,5.0,6.0,5.0,2.0,9.0,9.0,8.0,9.0,9.0,6.0,6.0,4.0,7.0,9.0,8.0,9.0,5.0,3.0,8.0,8.0,9.0,3.0,8.0
420,16,8.0,4.0,5.0,10.0,8.0,8.0,7.0,4.0,3.0,9.0,7.0,8.0,7.0,4.0,5.0,6.0,4.0,8.0,9.0,10.0,7.0,7.0,8.0,8.0,10.0,9.0,9.0
421,16,1.0,1.0,1.0,8.0,5.0,5.0,1.0,5.0,5.0,5.0,8.0,10.0,10.0,5.0,10.0,10.0,5.0,7.0,7.0,6.0,6.0,6.0,7.0,7.0,6.0,6.0,6.0
422,16,7.0,2.0,8.0,9.0,9.0,9.0,10.0,2.0,4.0,7.0,5.0,9.0,8.0,6.0,6.0,7.0,9.0,8.0,10.0,8.0,8.0,8.0,7.0,9.0,9.0,7.0,8.0
423,16,9.0,2.0,9.0,8.0,7.0,7.0,7.0,6.0,5.0,9.0,5.0,5.0,8.0,7.0,5.0,5.0,4.0,7.0,9.0,9.0,8.0,9.0,7.0,8.0,9.0,9.0,8.0
424,16,7.0,7.0,7.0,7.0,5.0,5.0,6.0,7.0,5.0,5.0,7.0,5.0,8.0,5.0,7.0,8.0,5.0,7.0,7.0,7.0,7.0,7.0,6.0,8.0,7.0,8.0,7.0
425,16,7.0,8.0,8.0,8.0,7.0,6.0,5.0,2.0,7.0,5.0,5.0,6.0,7.0,5.0,7.0,2.0,2.0,6.0,9.0,9.0,6.0,9.0,6.0,9.0,8.0,5.0,6.0
426,16,7.0,2.0,7.0,8.0,6.0,4.0,3.0,2.0,6.0,5.0,3.0,7.0,6.0,6.0,6.0,4.0,2.0,8.0,8.0,10.0,8.0,9.0,7.0,6.0,10.0,6.0,8.0
427,16,10.0,1.0,10.0,8.0,7.0,7.0,9.0,1.0,3.0,8.0,1.0,4.0,5.0,7.0,10.0,1.0,10.0,7.0,10.0,7.0,8.0,9.0,8.0,10.0,8.0,9.0,9.0
428,16,6.0,5.0,5.0,9.0,6.0,7.0,6.0,5.0,6.0,7.0,5.0,6.0,7.0,5.0,7.0,7.0,3.0,8.0,8.0,9.0,7.0,9.0,8.0,8.0,8.0,8.0,10.0
429,16,7.0,8.0,8.0,9.0,8.0,8.0,8.0,6.0,7.0,9.0,8.0,8.0,8.0,8.0,8.0,7.0,6.0,8.0,8.0,9.0,9.0,8.0,8.0,7.0,9.0,9.0,8.0
430,17,10.0,10.0,10.0,6.0,3.0,2.0,4.0,2.0,4.0,4.0,8.0,9.0,9.0,8.0,8.0,5.0,4.0,5.0,8.0,5.0,8.0,8.0,5.0,8.0,6.0,9.0,9.0
431,17,10.0,9.0,7.0,10.0,10.0,10.0,10.0,5.0,4.0,10.0,7.0,7.0,5.0,8.0,10.0,10.0,3.0,7.0,10.0,9.0,7.0,10.0,8.0,10.0,8.0,8.0,9.0
432,17,2.0,2.0,2.0,10.0,10.0,10.0,7.0,1.0,6.0,6.0,4.0,9.0,8.0,8.0,7.0,5.0,5.0,7.0,8.0,8.0,8.0,8.0,6.0,9.0,8.0,7.0,9.0
433,17,3.0,3.0,8.0,8.0,8.0,8.0,8.0,1.0,6.0,7.0,5.0,7.0,8.0,5.0,5.0,5.0,3.0,8.0,6.0,8.0,7.0,5.0,8.0,6.0,8.0,6.0,7.0
434,17,4.0,2.0,9.0,6.0,3.0,3.0,3.0,2.0,7.0,2.0,6.0,2.0,2.0,4.0,7.0,8.0,4.0,7.0,7.0,6.0,8.0,4.0,8.0,7.0,7.0,8.0,4.0
435,17,5.0,5.0,6.0,9.0,8.0,8.0,3.0,2.0,9.0,9.0,1.0,8.0,7.0,9.0,9.0,10.0,10.0,7.0,9.0,9.0,9.0,9.0,7.0,9.0,10.0,10.0,10.0
436,17,8.0,5.0,9.0,10.0,8.0,7.0,8.0,5.0,1.0,9.0,10.0,8.0,10.0,6.0,10.0,10.0,4.0,9.0,8.0,7.0,10.0,6.0,4.0,4.0,4.0,10.0,4.0
437,17,6.0,7.0,7.0,8.0,9.0,9.0,8.0,5.0,6.0,9.0,7.0,10.0,10.0,10.0,10.0,5.0,6.0,7.0,9.0,9.0,9.0,8.0,5.0,10.0,9.0,9.0,9.0
438,17,3.0,1.0,8.0,9.0,5.0,5.0,8.0,4.0,7.0,6.0,5.0,7.0,9.0,10.0,9.0,8.0,3.0,7.0,8.0,7.0,7.0,7.0,7.0,8.0,7.0,8.0,8.0
439,17,8.0,4.0,8.0,9.0,8.0,9.0,6.0,1.0,7.0,9.0,6.0,4.0,9.0,9.0,9.0,6.0,6.0,8.0,8.0,7.0,7.0,7.0,7.0,6.0,7.0,7.0,5.0
440,17,10.0,10.0,10.0,10.0,7.0,7.0,7.0,3.0,1.0,3.0,5.0,5.0,10.0,8.0,10.0,8.0,5.0,8.0,8.0,9.0,9.0,9.0,9.0,9.0,10.0,9.0,10.0
441,17,6.0,1.0,6.0,7.0,7.0,8.0,7.0,14.0,9.0,9.0,8.0,9.0,10.0,10.0,10.0,7.0,2.0,8.0,7.0,9.0,8.0,8.0,7.0,4.0,9.0,9.0,5.0
442,17,7.0,1.0,7.0,5.0,1.0,1.0,7.0,1.0,8.0,6.0,1.0,1.0,5.0,3.0,5.0,2.0,1.0,7.0,9.0,8.0,8.0,9.0,7.0,1.0,6.0,3.0,9.0
443,17,9.0,5.0,7.0,8.0,5.0,5.0,5.0,3.0,7.0,6.0,1.0,6.0,7.0,8.0,8.0,4.0,5.0,7.0,10.0,7.0,9.0,7.0,7.0,8.0,8.0,10.0,9.0
444,17,8.0,8.0,9.0,2.0,6.0,8.0,6.0,2.0,5.0,2.0,7.0,1.0,10.0,3.0,5.0,5.0,6.0,8.0,7.0,8.0,9.0,7.0,8.0,7.0,6.0,9.0,7.0
445,17,9.0,6.0,8.0,8.0,5.0,3.0,9.0,5.0,9.0,10.0,5.0,4.0,10.0,8.0,9.0,5.0,1.0,9.0,8.0,10.0,7.0,7.0,9.0,9.0,10.0,7.0,7.0
446,17,9.0,2.0,9.0,8.0,8.0,7.0,6.0,3.0,6.0,6.0,5.0,6.0,6.0,5.0,8.0,3.0,3.0,6.0,8.0,7.0,9.0,5.0,6.0,8.0,7.0,7.0,4.0
447,17,7.0,5.0,6.0,8.0,3.0,2.0,6.0,2.0,5.0,6.0,3.0,4.0,8.0,4.0,9.0,2.0,4.0,6.0,10.0,7.0,6.0,4.0,6.0,7.0,7.0,5.0,9.0
448,17,3.0,2.0,4.0,9.0,8.0,9.0,3.0,5.0,9.0,7.0,3.0,6.0,7.0,6.0,10.0,6.0,5.0,8.0,9.0,9.0,8.0,10.0,8.0,7.0,9.0,8.0,8.0
449,17,8.0,2.0,6.0,8.0,7.0,5.0,5.0,3.0,1.0,9.0,7.0,6.0,9.0,2.0,6.0,4.0,1.0,7.0,10.0,10.0,10.0,8.0,7.0,9.0,9.0,10.0,8.0
450,17,7.0,3.0,9.0,9.0,9.0,9.0,9.0,9.0,3.0,5.0,7.0,9.0,10.0,9.0,10.0,5.0,10.0,9.0,6.0,10.0,7.0,10.0,8.0,8.0,8.0,7.0,8.0
451,17,3.0,3.0,2.0,4.0,4.0,3.0,3.0,4.0,3.0,6.0,7.0,5.0,7.0,7.0,8.0,6.0,6.0,2.0,4.0,4.0,4.0,4.0,2.0,4.0,4.0,4.0,4.0
452,17,9.0,6.0,8.0,7.0,8.0,7.0,8.0,7.0,9.0,8.0,7.0,8.0,9.0,8.0,10.0,5.0,3.0,7.0,8.0,10.0,7.0,8.0,7.0,8.0,8.0,6.0,7.0
453,17,6.0,3.0,5.0,6.0,6.0,5.0,6.0,5.0,3.0,6.0,6.0,4.0,7.0,6.0,5.0,4.0,1.0,5.0,6.0,8.0,7.0,5.0,6.0,5.0,8.0,4.0,7.0
454,18,5.0,8.0,5.0,9.0,9.0,9.0,7.0,1.0,4.0,9.0,4.0,9.0,9.0,8.0,8.0,4.0,9.0,8.0,9.0,9.0,9.0,7.0,8.0,9.0,9.0,9.0,7.0
455,18,3.0,5.0,3.0,10.0,10.0,7.0,7.0,1.0,8.0,10.0,4.0,8.0,9.0,8.0,9.0,9.0,7.0,7.0,9.0,8.0,9.0,8.0,7.0,8.0,8.0,7.0,9.0
456,18,1.0,1.0,8.0,8.0,7.0,7.0,6.0,2.0,8.0,8.0,4.0,7.0,7.0,6.0,6.0,8.0,8.0,8.0,8.0,7.0,6.0,7.0,7.0,3.0,5.0,5.0,8.0
457,18,1.0,2.0,1.0,8.0,9.0,9.0,10.0,1.0,1.0,10.0,4.0,7.0,3.0,10.0,8.0,1.0,1.0,7.0,6.0,8.0,7.0,3.0,7.0,8.0,8.0,7.0,7.0
458,18,9.0,1.0,6.0,10.0,8.0,6.0,9.0,3.0,6.0,9.0,7.0,8.0,8.0,4.0,1.0,10.0,9.0,10.0,10.0,10.0,9.0,10.0,8.0,7.0,10.0,7.0,10.0
459,18,1.0,3.0,1.0,9.0,8.0,9.0,1.0,1.0,6.0,4.0,6.0,8.0,8.0,8.0,8.0,8.0,1.0,5.0,5.0,5.0,5.0,8.0,5.0,5.0,5.0,5.0,8.0
460,18,9.0,7.0,10.0,10.0,10.0,10.0,8.0,1.0,7.0,9.0,10.0,6.0,9.0,10.0,10.0,1.0,5.0,8.0,8.0,9.0,7.0,7.0,7.0,9.0,8.0,8.0,6.0
461,18,9.0,8.0,9.0,9.0,7.0,7.0,9.0,8.0,6.0,2.0,2.0,7.0,6.0,6.0,6.0,4.0,4.0,6.0,8.0,8.0,9.0,7.0,6.0,6.0,6.0,6.0,6.0
462,18,8.0,7.0,5.0,2.0,6.0,6.0,1.0,2.0,7.0,3.0,8.0,5.0,7.0,6.0,9.0,2.0,2.0,4.0,9.0,8.0,6.0,2.0,3.0,10.0,7.0,8.0,3.0
463,18,5.0,4.0,7.0,5.0,4.0,3.0,3.0,5.0,4.0,5.0,4.0,4.0,4.0,4.0,7.0,3.0,1.0,6.0,7.0,8.0,7.0,7.0,5.0,5.0,5.0,5.0,5.0
464,18,10.0,9.0,6.0,7.0,3.0,3.0,5.0,5.0,9.0,3.0,4.0,6.0,7.0,7.0,7.0,2.0,1.0,5.0,8.0,9.0,8.0,10.0,6.0,10.0,10.0,9.0,10.0
465,18,4.0,8.0,1.0,3.0,8.0,8.0,4.0,1.0,4.0,9.0,2.0,1.0,3.0,10.0,10.0,1.0,1.0,7.0,10.0,7.0,8.0,5.0,7.0,10.0,8.0,9.0,1.0
466,19,4.0,2.0,9.0,8.0,5.0,6.0,4.0,3.0,2.0,8.0,5.0,5.0,7.0,6.0,8.0,4.0,2.0,7.0,9.0,8.0,7.0,8.0,7.0,9.0,8.0,7.0,7.0
467,19,8.0,4.0,9.0,9.0,9.0,9.0,8.0,5.0,8.0,9.0,8.0,9.0,9.0,9.0,9.0,9.0,9.0,8.0,8.0,8.0,8.0,8.0,8.0,8.0,8.0,7.0,8.0
468,19,8.0,3.0,7.0,7.0,7.0,8.0,8.0,2.0,6.0,8.0,7.0,5.0,9.0,9.0,9.0,7.0,6.0,8.0,9.0,8.0,6.0,8.0,8.0,9.0,8.0,7.0,8.0
469,19,10.0,7.0,7.0,7.0,7.0,7.0,3.0,3.0,4.0,7.0,9.0,7.0,7.0,7.0,8.0,6.0,9.0,8.0,8.0,6.0,8.0,6.0,7.0,8.0,8.0,9.0,5.0
470,19,1.0,1.0,1.0,10.0,10.0,10.0,2.0,1.0,3.0,10.0,5.0,10.0,10.0,6.0,6.0,10.0,1.0,4.0,9.0,8.0,5.0,6.0,4.0,9.0,8.0,5.0,6.0
471,19,3.0,4.0,6.0,10.0,7.0,7.0,5.0,2.0,9.0,7.0,8.0,6.0,8.0,6.0,6.0,10.0,4.0,7.0,8.0,9.0,8.0,9.0,7.0,8.0,8.0,7.0,7.0
472,19,10.0,6.0,7.0,9.0,9.0,8.0,9.0,1.0,7.0,8.0,1.0,10.0,10.0,10.0,10.0,5.0,9.0,8.0,10.0,8.0,10.0,9.0,9.0,8.0,8.0,10.0,10.0
473,19,7.0,5.0,5.0,8.0,8.0,8.0,8.0,6.0,6.0,9.0,8.0,8.0,9.0,9.0,9.0,7.0,7.0,7.0,9.0,10.0,8.0,7.0,8.0,9.0,9.0,8.0,8.0
474,19,10.0,2.0,10.0,10.0,7.0,7.0,9.0,2.0,9.0,8.0,1.0,4.0,3.0,7.0,10.0,6.0,9.0,9.0,9.0,8.0,10.0,7.0,9.0,9.0,9.0,9.0,9.0
475,19,1.0,1.0,6.0,10.0,6.0,5.0,2.0,0.0,5.0,4.0,4.0,9.0,8.0,3.0,5.0,6.0,9.0,5.0,8.0,7.0,5.0,7.0,6.0,9.0,7.0,7.0,7.0
476,19,4.0,1.0,7.0,9.0,5.0,5.0,4.0,1.0,7.0,3.0,3.0,3.0,3.0,3.0,7.0,6.0,3.0,7.0,9.0,7.0,5.0,6.0,7.0,5.0,7.0,7.0,8.0
477,19,9.0,6.0,7.0,8.0,6.0,8.0,8.0,4.0,7.0,7.0,4.0,7.0,8.0,7.0,7.0,6.0,4.0,6.0,8.0,7.0,7.0,7.0,6.0,7.0,7.0,6.0,8.0
478,19,9.0,7.0,9.0,7.0,7.0,9.0,9.0,3.0,3.0,8.0,4.0,7.0,9.0,8.0,9.0,4.0,6.0,7.0,8.0,8.0,9.0,7.0,8.0,7.0,8.0,9.0,6.0
479,19,10.0,7.0,10.0,9.0,8.0,7.0,9.0,1.0,7.0,5.0,4.0,7.0,7.0,7.0,7.0,7.0,7.0,8.0,8.0,8.0,8.0,8.0,8.0,8.0,7.0,8.0,8.0
480,19,7.0,1.0,8.0,9.0,9.0,9.0,3.0,1.0,6.0,10.0,3.0,3.0,4.0,4.0,4.0,5.0,7.0,8.0,9.0,8.0,10.0,7.0,8.0,10.0,8.0,9.0,7.0
481,19,3.0,3.0,7.0,9.0,8.0,7.0,1.0,2.0,5.0,8.0,2.0,7.0,10.0,10.0,10.0,6.0,1.0,8.0,7.0,9.0,8.0,5.0,8.0,8.0,9.0,8.0,6.0
482,19,9.0,7.0,5.0,9.0,6.0,5.0,8.0,2.0,5.0,9.0,6.0,7.0,7.0,2.0,4.0,4.0,3.0,7.0,10.0,8.0,9.0,8.0,7.0,9.0,8.0,9.0,9.0
483,19,10.0,1.0,10.0,10.0,10.0,10.0,5.0,1.0,1.0,10.0,5.0,10.0,10.0,10.0,10.0,10.0,5.0,8.0,10.0,10.0,10.0,10.0,8.0,10.0,10.0,10.0,10.0
484,19,7.0,3.0,5.0,9.0,9.0,9.0,9.0,3.0,7.0,9.0,1.0,9.0,9.0,9.0,9.0,2.0,7.0,4.0,8.0,9.0,2.0,9.0,2.0,9.0,9.0,2.0,5.0
485,19,6.0,10.0,9.0,7.0,7.0,7.0,4.0,6.0,6.0,9.0,8.0,8.0,8.0,7.0,8.0,7.0,4.0,8.0,8.0,8.0,7.0,7.0,7.0,8.0,8.0,7.0,7.0
486,19,7.0,1.0,3.0,10.0,8.0,6.0,4.0,1.0,9.0,8.0,1.0,7.0,10.0,5.0,8.0,2.0,2.0,7.0,10.0,9.0,8.0,9.0,8.0,10.0,9.0,8.0,10.0
487,19,4.0,4.0,2.0,8.0,5.0,3.0,2.0,5.0,2.0,7.0,8.0,5.0,9.0,6.0,10.0,6.0,2.0,7.0,9.0,8.0,6.0,5.0,6.0,7.0,7.0,5.0,5.0
488,19,3.0,3.0,3.0,9.0,5.0,1.0,1.0,1.0,8.0,8.0,8.0,8.0,8.0,8.0,8.0,8.0,3.0,5.0,10.0,10.0,7.0,8.0,5.0,10.0,10.0,7.0,8.0
489,19,7.0,7.0,7.0,9.0,9.0,9.0,6.0,9.0,9.0,6.0,6.0,9.0,9.0,9.0,7.0,6.0,5.0,6.0,8.0,9.0,8.0,10.0,7.0,8.0,9.0,7.0,10.0
490,19,3.0,1.0,2.0,7.0,7.0,7.0,6.0,2.0,5.0,9.0,9.0,8.0,10.0,9.0,8.0,7.0,4.0,3.0,7.0,8.0,6.0,6.0,3.0,7.0,8.0,6.0,6.0
491,19,9.0,2.0,9.0,9.0,9.0,8.0,9.0,7.0,9.0,8.0,2.0,7.0,8.0,8.0,9.0,9.0,6.0,7.0,7.0,7.0,7.0,7.0,7.0,6.0,7.0,7.0,7.0
492,19,10.0,10.0,10.0,10.0,10.0,10.0,10.0,2.0,4.0,10.0,7.0,5.0,5.0,2.0,5.0,10.0,10.0,10.0,10.0,10.0,10.0,10.0,10.0,10.0,10.0,10.0,10.0
493,19,10.0,10.0,7.0,7.0,4.0,4.0,3.0,3.0,6.0,7.0,10.0,8.0,8.0,7.0,7.0,10.0,6.0,7.0,7.0,8.0,8.0,8.0,7.0,9.0,9.0,8.0,9.0
494,19,8.0,10.0,4.0,10.0,10.0,10.0,1.0,1.0,4.0,8.0,6.0,9.0,10.0,7.0,8.0,9.0,10.0,9.0,10.0,10.0,10.0,7.0,10.0,10.0,9.0,10.0,9.0
495,19,7.0,5.0,6.0,7.0,5.0,6.0,7.0,7.0,6.0,5.0,6.0,7.0,7.0,6.0,5.0,5.0,6.0,7.0,7.0,8.0,7.0,9.0,7.0,9.0,9.0,8.0,8.0
496,20,8.0,1.0,8.0,7.0,7.0,7.0,8.0,1.0,1.0,7.0,3.0,3.0,3.0,5.0,5.0,5.0,5.0,5.0,8.0,9.0,6.0,8.0,3.0,8.0,9.0,6.0,9.0
497,20,7.0,5.0,1.0,8.0,7.0,6.0,7.0,3.0,1.0,7.0,8.0,6.0,9.0,9.0,8.0,8.0,7.0,8.0,10.0,9.0,10.0,8.0,8.0,9.0,10.0,8.0,10.0
498,20,3.0,1.0,5.0,7.0,3.0,3.0,6.0,6.0,9.0,8.0,9.0,6.0,8.0,8.0,8.0,3.0,1.0,8.0,9.0,9.0,10.0,10.0,8.0,7.0,10.0,10.0,10.0
499,20,1.0,1.0,1.0,9.0,9.0,9.0,2.0,1.0,8.0,9.0,6.0,8.0,10.0,10.0,10.0,5.0,1.0,9.0,10.0,10.0,9.0,4.0,7.0,10.0,10.0,8.0,6.0
500,20,4.0,2.0,6.0,7.0,7.0,7.0,2.0,2.0,7.0,8.0,5.0,7.0,8.0,8.0,8.0,6.0,5.0,8.0,9.0,9.0,9.0,9.0,8.0,8.0,9.0,8.0,9.0
501,20,5.0,4.0,8.0,8.0,9.0,9.0,6.0,1.0,3.0,9.0,7.0,9.0,9.0,9.0,10.0,7.0,6.0,8.0,9.0,9.0,8.0,9.0,8.0,8.0,9.0,8.0,9.0
502,20,8.0,8.0,9.0,6.0,5.0,5.0,10.0,9.0,8.0,7.0,8.0,6.0,9.0,5.0,8.0,3.0,4.0,7.0,7.0,9.0,9.0,9.0,7.0,8.0,8.0,9.0,9.0
503,20,2.0,4.0,4.0,8.0,8.0,8.0,7.0,5.0,2.0,6.0,5.0,7.0,8.0,9.0,9.0,7.0,7.0,7.0,9.0,10.0,4.0,5.0,7.0,8.0,10.0,4.0,7.0
504,20,1.0,1.0,2.0,4.0,4.0,4.0,8.0,1.0,3.0,6.0,1.0,5.0,6.0,7.0,7.0,3.0,1.0,7.0,5.0,8.0,6.0,8.0,7.0,5.0,8.0,6.0,6.0
505,20,10.0,6.0,10.0,5.0,10.0,10.0,9.0,7.0,1.0,10.0,10.0,10.0,10.0,10.0,10.0,10.0,10.0,9.0,10.0,10.0,8.0,10.0,8.0,8.0,9.0,7.0,9.0
506,20,6.0,4.0,6.0,7.0,7.0,7.0,8.0,2.0,4.0,9.0,2.0,5.0,5.0,5.0,5.0,2.0,1.0,5.0,8.0,9.0,7.0,10.0,5.0,8.0,10.0,6.0,10.0
507,20,10.0,9.0,10.0,9.0,9.0,8.0,7.0,4.0,5.0,8.0,5.0,7.0,6.0,6.0,8.0,3.0,2.0,7.0,8.0,8.0,7.0,7.0,6.0,10.0,9.0,7.0,6.0
508,20,10.0,4.0,7.0,6.0,4.0,4.0,4.0,9.0,7.0,10.0,3.0,5.0,4.0,7.0,10.0,4.0,8.0,7.0,8.0,9.0,8.0,8.0,7.0,7.0,10.0,7.0,8.0
509,21,6.0,3.0,6.0,7.0,7.0,7.0,3.0,3.0,4.0,6.0,4.0,4.0,8.0,5.0,7.0,7.0,7.0,5.0,6.0,8.0,4.0,9.0,5.0,6.0,8.0,3.0,9.0
510,21,8.0,1.0,4.0,10.0,8.0,7.0,10.0,5.0,7.0,9.0,1.0,3.0,9.0,7.0,5.0,1.0,7.0,7.0,9.0,8.0,6.0,4.0,7.0,8.0,10.0,4.0,6.0
511,21,6.0,5.0,5.0,7.0,8.0,10.0,10.0,3.0,9.0,8.0,5.0,8.0,9.0,9.0,10.0,7.0,8.0,8.0,4.0,8.0,10.0,8.0,7.0,2.0,7.0,9.0,7.0
512,21,1.0,1.0,1.0,8.0,9.0,10.0,8.0,0.0,9.0,9.0,6.0,10.0,9.0,7.0,10.0,5.0,5.0,7.0,8.0,7.0,8.0,7.0,7.0,6.0,6.0,7.0,6.0
513,21,1.0,1.0,9.0,9.0,9.0,9.0,1.0,0.0,8.0,9.0,8.0,9.0,10.0,6.0,8.0,6.0,6.0,6.0,8.0,6.0,7.0,4.0,6.0,9.0,4.0,6.0,5.0
514,21,5.0,3.0,7.0,7.0,8.0,10.0,2.0,2.0,1.0,8.0,6.0,10.0,8.0,9.0,10.0,6.0,7.0,8.0,10.0,9.0,8.0,7.0,8.0,10.0,10.0,8.0,7.0
515,21,10.0,10.0,8.0,9.0,9.0,8.0,10.0,3.0,8.0,9.0,8.0,9.0,10.0,7.0,10.0,5.0,9.0,8.0,10.0,10.0,8.0,8.0,8.0,10.0,10.0,8.0,10.0
516,21,3.0,3.0,6.0,10.0,9.0,9.0,5.0,5.0,8.0,9.0,6.0,9.0,4.0,9.0,9.0,9.0,3.0,8.0,9.0,8.0,9.0,8.0,8.0,7.0,8.0,9.0,10.0
517,21,2.0,1.0,9.0,9.0,6.0,8.0,4.0,1.0,2.0,9.0,3.0,10.0,8.0,4.0,4.0,3.0,9.0,8.0,9.0,9.0,7.0,7.0,7.0,10.0,10.0,8.0,7.0
518,21,4.0,2.0,5.0,8.0,6.0,7.0,5.0,5.0,9.0,9.0,8.0,8.0,8.0,6.0,8.0,9.0,4.0,6.0,9.0,8.0,8.0,7.0,7.0,8.0,7.0,7.0,7.0
519,21,9.0,5.0,9.0,5.0,8.0,7.0,7.0,2.0,3.0,9.0,4.0,7.0,8.0,7.0,8.0,2.0,2.0,8.0,10.0,9.0,9.0,10.0,8.0,10.0,10.0,8.0,10.0
520,21,4.0,6.0,8.0,8.0,10.0,8.0,5.0,2.0,9.0,10.0,8.0,9.0,8.0,5.0,5.0,8.0,2.0,8.0,9.0,8.0,7.0,5.0,7.0,9.0,9.0,7.0,7.0
521,21,7.0,7.0,8.0,8.0,8.0,8.0,10.0,7.0,5.0,8.0,6.0,7.0,8.0,8.0,8.0,6.0,6.0,7.0,9.0,8.0,9.0,8.0,7.0,9.0,9.0,9.0,9.0
522,21,6.0,6.0,6.0,7.0,8.0,9.0,3.0,3.0,7.0,9.0,8.0,10.0,10.0,7.0,7.0,5.0,3.0,7.0,7.0,9.0,7.0,8.0,8.0,7.0,9.0,9.0,9.0
523,21,8.0,1.0,5.0,9.0,4.0,3.0,6.0,7.0,8.0,13.0,5.0,2.0,7.0,8.0,9.0,3.0,1.0,6.0,9.0,9.0,8.0,6.0,6.0,8.0,8.0,6.0,6.0
524,21,4.0,1.0,7.0,9.0,8.0,8.0,6.0,3.0,8.0,7.0,7.0,8.0,8.0,5.0,5.0,7.0,5.0,5.0,9.0,8.0,7.0,7.0,5.0,9.0,9.0,7.0,7.0
525,21,6.0,2.0,8.0,6.0,5.0,5.0,3.0,2.0,1.0,8.0,8.0,9.0,10.0,7.0,8.0,8.0,1.0,6.0,10.0,10.0,8.0,9.0,6.0,9.0,9.0,8.0,8.0
526,21,2.0,1.0,3.0,10.0,10.0,7.0,6.0,5.0,10.0,8.0,4.0,10.0,8.0,6.0,8.0,4.0,10.0,3.0,6.0,7.0,9.0,10.0,3.0,6.0,8.0,9.0,9.0
527,21,5.0,5.0,1.0,8.0,7.0,7.0,6.0,2.0,7.0,6.0,6.0,8.0,7.0,8.0,8.0,7.0,6.0,10.0,10.0,10.0,10.0,10.0,8.0,7.0,9.0,7.0,7.0
528,21,5.0,8.0,4.0,2.0,2.0,2.0,8.0,6.0,2.0,2.0,2.0,3.0,7.0,3.0,3.0,2.0,2.0,9.0,6.0,8.0,8.0,8.0,9.0,5.0,8.0,8.0,9.0
529,21,7.0,4.0,6.0,10.0,8.0,8.0,8.0,6.0,5.0,5.0,5.0,8.0,8.0,8.0,8.0,4.0,4.0,6.0,10.0,7.0,9.0,5.0,6.0,10.0,7.0,9.0,8.0
530,21,7.0,10.0,5.0,6.0,3.0,8.0,6.0,7.0,6.0,3.0,5.0,8.0,10.0,9.0,10.0,6.0,3.0,3.0,9.0,9.0,9.0,7.0,3.0,9.0,9.0,6.0,6.0
531,21,10.0,10.0,6.0,6.0,10.0,10.0,10.0,6.0,6.0,6.0,10.0,10.0,10.0,8.0,10.0,1.0,6.0,10.0,10.0,10.0,6.0,10.0,10.0,10.0,10.0,10.0,10.0
532,21,7.0,8.0,6.0,8.0,6.0,4.0,4.0,8.0,6.0,9.0,7.0,6.0,8.0,6.0,7.0,5.0,2.0,7.0,9.0,8.0,7.0,8.0,7.0,9.0,7.0,8.0,6.0
533,21,7.0,3.0,5.0,7.0,5.0,5.0,7.0,2.0,5.0,3.0,1.0,5.0,7.0,6.0,7.0,2.0,2.0,8.0,9.0,9.0,8.0,9.0,8.0,9.0,7.0,6.0,6.0
534,21,7.0,9.0,3.0,9.0,9.0,8.0,6.0,7.0,7.0,7.0,3.0,6.0,7.0,8.0,7.0,4.0,1.0,7.0,9.0,9.0,8.0,5.0,8.0,8.0,8.0,8.0,7.0
535,21,4.0,3.0,4.0,7.0,7.0,6.0,2.0,8.0,8.0,8.0,6.0,6.0,9.0,8.0,9.0,5.0,6.0,6.0,7.0,7.0,6.0,5.0,6.0,7.0,8.0,6.0,6.0
536,21,7.0,3.0,5.0,8.0,7.0,7.0,3.0,2.0,7.0,8.0,6.0,4.0,9.0,7.0,9.0,7.0,1.0,7.0,8.0,8.0,8.0,8.0,7.0,6.0,7.0,7.0,7.0
537,21,6.0,6.0,7.0,10.0,8.0,8.0,3.0,3.0,6.0,10.0,8.0,10.0,10.0,10.0,10.0,10.0,1.0,7.0,9.0,9.0,9.0,7.0,7.0,10.0,9.0,9.0,9.0
538,21,8.0,2.0,8.0,8.0,8.0,8.0,8.0,8.0,6.0,8.0,5.0,4.0,6.0,3.0,6.0,6.0,6.0,7.0,8.0,8.0,9.0,8.0,7.0,8.0,9.0,9.0,9.0
539,21,8.0,9.0,8.0,9.0,9.0,9.0,4.0,6.0,8.0,8.0,6.0,7.0,9.0,7.0,7.0,7.0,6.0,8.0,8.0,10.0,9.0,10.0,7.0,7.0,10.0,10.0,8.0
540,21,6.0,4.0,4.0,5.0,7.0,8.0,8.0,9.0,6.0,7.0,4.0,9.0,9.0,9.0,9.0,6.0,3.0,5.0,7.0,5.0,6.0,7.0,5.0,7.0,4.0,5.0,4.0
541,21,10.0,10.0,7.0,8.0,3.0,5.0,4.0,3.0,8.0,3.0,10.0,5.0,10.0,10.0,9.0,9.0,3.0,8.0,9.0,9.0,9.0,8.0,9.0,10.0,10.0,10.0,8.0
542,21,4.0,7.0,6.0,10.0,9.0,8.0,1.0,8.0,8.0,9.0,8.0,8.0,9.0,9.0,8.0,9.0,6.0,8.0,9.0,8.0,8.0,9.0,8.0,9.0,7.0,8.0,7.0
543,21,8.0,8.0,5.0,8.0,8.0,5.0,5.0,9.0,8.0,8.0,8.0,6.0,8.0,8.0,8.0,8.0,3.0,7.0,9.0,8.0,9.0,9.0,7.0,9.0,8.0,9.0,9.0
544,21,3.0,4.0,3.0,10.0,7.0,8.0,5.0,14.0,9.0,2.0,10.0,7.0,8.0,8.0,9.0,10.0,3.0,7.0,10.0,9.0,10.0,8.0,6.0,8.0,10.0,8.0,5.0
545,21,10.0,2.0,2.0,5.0,5.0,4.0,7.0,5.0,4.0,7.0,4.0,3.0,4.0,5.0,5.0,2.0,1.0,8.0,8.0,9.0,8.0,6.0,8.0,5.0,7.0,9.0,2.0
546,21,10.0,5.0,8.0,10.0,4.0,3.0,5.0,1.0,1.0,2.0,4.0,3.0,6.0,3.0,9.0,10.0,6.0,9.0,8.0,8.0,10.0,7.0,8.0,7.0,7.0,10.0,6.0
547,21,9.0,6.0,9.0,7.0,8.0,8.0,2.0,2.0,8.0,9.0,4.0,9.0,8.0,9.0,9.0,6.0,5.0,7.0,9.0,8.0,8.0,8.0,7.0,9.0,9.0,9.0,7.0
548,21,10.0,8.0,4.0,10.0,3.0,2.0,2.0,5.0,1.0,9.0,6.0,4.0,6.0,7.0,10.0,4.0,1.0,10.0,10.0,10.0,10.0,10.0,10.0,10.0,10.0,10.0,10.0
549,21,8.0,5.0,6.0,9.0,7.0,7.0,4.0,8.0,8.0,7.0,7.0,8.0,8.0,10.0,10.0,8.0,2.0,7.0,10.0,9.0,8.0,9.0,7.0,10.0,10.0,7.0,7.0
550,21,5.0,3.0,5.0,9.0,7.0,8.0,3.0,3.0,8.0,8.0,3.0,7.0,7.0,4.0,6.0,6.0,3.0,7.0,7.0,7.0,7.0,7.0,7.0,7.0,7.0,7.0,7.0
551,21,6.0,1.0,7.0,6.0,7.0,3.0,2.0,1.0,7.0,10.0,2.0,5.0,6.0,7.0,7.0,7.0,1.0,7.0,8.0,8.0,3.0,5.0,7.0,9.0,9.0,2.0,4.0
552,21,8.0,2.0,5.0,10.0,10.0,10.0,7.0,1.0,9.0,8.0,3.0,7.0,9.0,10.0,10.0,7.0,3.0,8.0,7.0,7.0,6.0,7.0,9.0,7.0,10.0,5.0,9.0
