airport,year,departures for metric computation,arrivals for metric computation,percent on-time gate departures,percent on-time airport departures,percent on-time gate arrivals,average_gate_departure_delay,average_taxi_out_time,average taxi out delay,average airport departure delay,average airborne delay,average taxi in delay,average block delay,average gate arrival delay
ABQ,2004,53971,53818,0.803,0.7809,0.7921,10.38,9.89,2.43,12.1,2.46,0.83,2.55,10.87
ABQ,2005,51829,51877,0.814,0.7922,0.8001,9.6,9.79,2.29,11.2,2.26,0.89,2.34,10.24
ABQ,2006,49682,51199,0.7983,0.7756,0.7746,10.84,9.89,2.16,12.33,2.12,0.84,2.66,11.82
ABQ,2007,53255,53611,0.8005,0.7704,0.7647,11.29,10.34,2.4,12.95,2.19,1.29,3.06,12.71
ABQ,2008,49589,49512,0.8103,0.7844,0.7875,10.79,10.41,2.41,12.32,1.82,1.03,2.79,11.48
ABQ,2009,42550,42704,0.8341,0.8147,0.8224,9.24,9.88,1.89,10.45,1.74,0.92,1.98,9.27
ABQ,2010,42302,42169,0.8144,0.7907,0.8047,10.25,9.95,2.05,11.58,1.66,0.95,1.9,10.23
ABQ,2011,42283,42297,0.8072,0.7758,0.8022,10.81,10.5,2.51,12.57,1.58,0.84,1.87,10.63
ABQ,2012,39105,39107,0.8219,0.794,0.8177,10.55,10.27,2.32,12.11,1.41,0.98,1.8,9.73
ABQ,2013,35277,34989,0.771,0.7402,0.7554,12.56,10.77,2.64,14.28,1.6,0.92,2.35,12.76
ABQ,2014,33292,33137,0.7451,0.7148,0.732,14.3,10.64,2.41,15.99,1.73,1.02,2.4,14.72
ANC,2004,16503,15511,0.7109,0.677,0.6502,21.45,12.41,2.92,23.05,4.03,1.08,5.93,22.62
ANC,2005,72043,67034,0.7394,0.7061,0.6955,18.36,12.19,2.78,19.97,3.65,1.01,4.96,19.35
ANC,2006,75708,69995,0.7771,0.7455,0.711,15.56,12.84,2.54,17.07,4.29,0.72,5.83,17.71
ANC,2007,78741,73323,0.7838,0.7457,0.7196,15.69,13.19,2.29,17.52,5.13,0.39,5.87,18.09
ANC,2008,76606,72479,0.7972,0.7698,0.7573,13.45,13.44,1.86,14.72,5.13,0.63,5.93,15.89
ANC,2009,67252,63135,0.8112,0.7952,0.8264,15.1,12.49,1.55,15.88,3.85,0.31,4.19,15.95
ANC,2010,73089,68125,0.7992,0.776,0.8045,17.77,11.97,1.79,18.83,3.75,0.37,3.91,20.28
ANC,2011,72556,66845,0.8276,0.805,0.8292,14.56,11.89,1.66,15.6,3.92,0.55,4.01,13.93
ANC,2012,70322,66453,0.8442,0.8235,0.8521,10.01,11.71,1.52,11,3.86,0.34,3.75,9.33
ANC,2013,69984,65469,0.8432,0.8228,0.8631,9.18,12.03,1.51,10.09,3.4,0.47,3.82,8.46
ANC,2014,71099,66704,0.8288,0.8074,0.86,11.33,11.33,1.33,12.34,4.09,0.54,4.57,10.82
ATL,2004,477323,473249,0.7596,0.5757,0.737,13.59,20.45,8.73,21.36,5,2.79,4.69,15.31
ATL,2005,484570,480171,0.7413,0.6216,0.7337,15.5,18.52,7.26,21.8,4.24,2.72,4.62,17.23
ATL,2006,483334,478735,0.715,0.5324,0.7205,16.2,20.38,9.63,24.85,3.71,4.13,4.72,16.95
ATL,2007,491826,486799,0.7167,0.5713,0.7446,16.77,19.67,8.28,24.18,3.88,4.17,4.43,16.09
ATL,2008,482903,478627,0.7696,0.6071,0.7559,13.86,20.6,9.01,21.59,4.11,4.07,5.09,15.71
ATL,2009,479957,475882,0.7775,0.59,0.7335,13.2,21.84,9.73,21.48,3.31,4.75,5.7,16.54
ATL,2010,469542,465911,0.7961,0.6405,0.7956,12.82,21.26,8.61,19.9,2.66,4.32,3.67,14.16
ATL,2011,454954,453734,0.8008,0.673,0.8068,12.2,20.33,7.52,18.25,2.41,4,3.54,12.56
ATL,2012,457501,455968,0.832,0.7401,0.8422,9.84,18.8,6.03,14.44,1.62,3.13,2.89,10.27
ATL,2013,448180,445498,0.7917,0.7025,0.807,12.28,18.2,5.83,16.98,2.38,2.6,3.64,12.74
ATL,2014,428954,428312,0.7899,0.7134,0.8123,11.99,17.4,4.92,15.93,2.74,2.77,3.21,12.42
AUS,2004,14094,14052,0.7845,0.7658,0.7486,12.05,11,2.33,13.73,2.85,0.82,3.26,13.95
AUS,2005,55790,55678,0.8107,0.7892,0.7641,10.31,10.98,2.42,12.04,2.61,0.99,2.74,12.62
AUS,2006,56809,56704,0.7826,0.7579,0.7424,12.29,11.33,2.34,13.95,2.39,1.02,3.28,14.35
AUS,2007,62255,62685,0.7789,0.7499,0.7241,12.84,12.1,2.74,14.79,2.41,1.27,3.45,15.39
AUS,2008,60425,60559,0.7986,0.773,0.7473,11.77,12.11,2.6,13.51,2.05,1.02,3.06,14.42
AUS,2009,53686,53651,0.8154,0.7943,0.772,10.91,11.67,2.05,12.23,2.26,1.16,2.69,12.73
AUS,2010,54502,54481,0.8068,0.7857,0.7734,10.98,11.46,1.91,12.18,1.88,0.91,2.36,12.38
AUS,2011,55584,55526,0.8051,0.7841,0.7738,11.29,11.38,1.97,12.56,1.65,0.97,2.42,12.56
AUS,2012,56043,55752,0.8083,0.784,0.7769,10.98,11.59,2.25,12.46,1.69,1.18,2.46,12.3
AUS,2013,58240,58316,0.7716,0.7433,0.7261,13.25,11.8,2.33,14.85,1.8,1.19,3.04,16.35
AUS,2014,60588,60264,0.7627,0.7382,0.7222,14.16,11.76,2.06,15.59,2.25,1.08,2.88,16.2
BDL,2004,52897,52093,0.8222,0.7719,0.768,10.26,13.58,3.95,13.1,2.95,0.89,3.48,12.95
BDL,2005,58287,57128,0.8108,0.7668,0.7549,11.34,13.03,3.66,13.86,3.06,1.03,3.38,14.02
BDL,2006,54169,53701,0.794,0.7496,0.7488,12.09,13.02,3.32,14.51,2.9,1.01,3.47,14.12
BDL,2007,52603,52050,0.783,0.7305,0.7226,13.64,13.71,3.76,16.59,3.12,1.19,3.7,15.85
BDL,2008,47467,46956,0.8105,0.7682,0.7525,12.27,13.56,3.32,14.74,3.39,1.08,3.46,14.4
BDL,2009,39994,39698,0.8349,0.7944,0.7933,10.26,13.02,2.89,12.33,2.97,0.86,2.93,11.7
BDL,2010,39685,39309,0.8154,0.7707,0.7748,10.79,13.07,3,12.89,3.04,0.97,3.19,12.62
BDL,2011,42774,42628,0.8042,0.7676,0.7715,12.24,12.81,2.67,14.15,2.9,0.99,2.78,13.42
BDL,2012,39274,39122,0.8166,0.7863,0.7832,11.2,12.4,2.33,12.77,2.34,0.76,2.43,12.46
BDL,2013,38505,38508,0.7931,0.7521,0.7493,12.7,12.62,2.69,14.8,2.46,0.9,2.97,14.58
BDL,2014,39279,39109,0.7953,0.7605,0.7569,12.64,12.76,2.58,14.39,2.34,0.95,2.64,14.79
BHM,2004,9336,9557,0.7822,0.7528,0.7282,12.41,10.5,2.77,14.25,2.45,1.07,2.63,14.41
BHM,2005,36146,36973,0.7815,0.7555,0.719,12.01,10.64,2.93,13.86,2.47,0.99,2.55,14.95
BHM,2006,33169,33672,0.7537,0.7279,0.6976,14.13,11.11,2.66,15.96,2.54,0.94,3.33,16.07
BHM,2007,35612,35925,0.7583,0.7257,0.7055,14.55,11.77,2.84,16.69,2.68,0.81,3.28,17.23
BHM,2008,34605,34766,0.7715,0.7406,0.7289,13.82,11.94,2.88,15.82,2.14,0.65,3,15.37
BHM,2009,29422,29959,0.7785,0.7362,0.7443,13.02,12.38,3.21,15.3,1.82,0.73,2.77,14.34
BHM,2010,29563,29907,0.7792,0.7303,0.7449,12.62,12.54,3.22,15.07,1.5,0.75,2.28,13.49
BHM,2011,27376,27705,0.7898,0.7573,0.7509,12.37,11.8,2.34,13.84,1.59,0.62,2.32,13.38
BHM,2012,26436,26597,0.8107,0.7832,0.7638,11.45,11.86,2.21,12.89,1.28,0.71,1.93,13.18
BHM,2013,24460,24402,0.7691,0.7327,0.7165,13.62,12.45,2.6,15.48,1.55,1.03,2.85,15.4
BHM,2014,23725,23682,0.7421,0.7183,0.7016,15.58,12.19,2.05,16.75,1.74,0.93,2.93,16.7
BNA,2004,84167,84551,0.7849,0.7597,0.7638,11.37,10.63,2.5,13.34,3.52,0.75,2.83,12.8
BNA,2005,83922,84108,0.7837,0.7614,0.7655,11.61,10.9,2.51,13.43,3.48,0.89,2.57,12.79
BNA,2006,80868,80903,0.7649,0.7339,0.7472,13.18,11.6,2.74,15.21,3.35,1,2.82,14.26
BNA,2007,81020,81183,0.7513,0.7282,0.7265,14.56,11.51,2.37,16.08,3.26,1.31,3.11,15.83
BNA,2008,75174,75172,0.7713,0.7424,0.7518,13.75,11.66,2.56,15.57,2.88,1.1,2.95,14.53
BNA,2009,69219,69209,0.7961,0.7722,0.7871,12.05,11.37,2.18,13.35,2.61,1.03,2.72,12.04
BNA,2010,69024,69292,0.7733,0.736,0.783,12.74,11.8,2.64,14.54,2.3,1.09,2.52,11.87
BNA,2011,69429,69281,0.7883,0.7602,0.7869,12.51,11.51,2.43,14.06,1.94,0.86,2.48,12.22
BNA,2012,69369,69234,0.8155,0.791,0.805,11.02,11.28,2.24,12.32,1.68,0.97,2.13,11.09
BNA,2013,71623,71103,0.7639,0.7292,0.7599,13.91,12.07,2.96,15.84,1.61,1.19,2.76,13.85
BNA,2014,70497,70414,0.7404,0.7064,0.7364,15.44,12.15,2.71,17.31,1.85,1.21,3.01,15.4
BOS,2004,188413,184869,0.8095,0.7234,0.7755,11.35,18.2,6.25,16.15,3.96,1.91,4.45,12.95
BOS,2005,190420,185755,0.7728,0.6902,0.7267,14,18.04,5.91,18.53,4.48,2.25,5.19,16.65
BOS,2006,187003,182418,0.7739,0.694,0.7175,14.18,18.25,5.9,18.61,4.43,1.82,5.14,17.55
BOS,2007,183078,179565,0.7553,0.6567,0.7024,15.82,19.3,6.8,21.48,4.55,2.23,5.01,18.48
BOS,2008,170491,166566,0.7897,0.7075,0.7311,14.03,18.91,5.84,18.72,4.79,1.75,4.79,17.44
BOS,2009,162271,160775,0.8209,0.7492,0.7649,11.52,18.32,5.39,15.59,4.22,1.64,4.22,14.92
BOS,2010,164933,162520,0.8095,0.727,0.7612,11.7,18.39,5.47,15.99,4.32,1.49,4.24,14.6
BOS,2011,168358,164961,0.7878,0.7065,0.7378,13.38,18.15,5.2,17.57,4.26,2.02,4.24,16.17
BOS,2012,161639,158227,0.8204,0.7563,0.795,11.56,17.15,4.23,14.82,3.53,1.86,3,11.98
BOS,2013,167549,164108,0.7987,0.7174,0.7682,12.81,18.19,5.29,17.08,3.2,1.87,3.46,13.77
BOS,2014,170013,165166,0.8067,0.7295,0.7696,11.73,18.19,5,15.68,3.23,1.62,3.23,13.8
BUF,2004,12215,12188,0.7764,0.7403,0.7173,12.94,12.41,3.16,15,2.29,0.85,2.85,15.89
BUF,2005,46558,46582,0.7535,0.716,0.7104,14.94,12.46,3.32,17.14,2.08,1.21,3.14,16.67
BUF,2006,45322,45345,0.7477,0.712,0.7095,15.26,12.62,3.17,17.51,2.46,1.16,3.59,16.63
BUF,2007,44568,44509,0.729,0.6837,0.6785,17.39,13.03,3.25,20.01,3.41,0.83,4.07,19.13
BUF,2008,43245,42984,0.7606,0.7239,0.7287,16.06,12.88,3.02,18.18,3.56,0.93,3.82,16.65
BUF,2009,40467,40256,0.7901,0.7502,0.761,13.9,12.88,3.02,16.17,3.33,1,3.07,13.92
BUF,2010,39546,39398,0.7826,0.7362,0.7534,13.93,12.95,3.1,16.25,3.08,1.03,2.83,14.56
BUF,2011,39067,38890,0.7663,0.7338,0.7574,15.14,12.08,2.38,16.74,2.66,0.78,2.76,14.96
BUF,2012,38909,38714,0.7857,0.7638,0.7744,13.48,11.54,1.88,14.63,2.37,0.9,2.28,13.34
BUF,2013,38706,38393,0.7736,0.7248,0.7437,14.56,12.71,3.22,16.95,2.33,1.15,2.76,15.31
BUF,2014,34314,34112,0.7584,0.7237,0.7376,15.53,12.17,2.42,17.26,2.33,0.7,2.5,15.96
BUR,2004,38148,37293,0.7792,0.7637,0.7703,11.33,10.28,2.12,12.78,2.55,0.58,2.33,11.73
BUR,2005,40769,40424,0.7733,0.7435,0.747,11.33,10.93,2.73,13.47,2.66,0.89,2.89,12.56
BUR,2006,42697,42915,0.7762,0.7414,0.7631,11.4,11.56,2.74,13.5,2.57,0.58,2.63,11.79
BUR,2007,43833,43406,0.7804,0.7448,0.7707,11.79,11.89,2.74,13.86,2.8,0.69,2.52,11.99
BUR,2008,40341,40135,0.7948,0.772,0.7942,10.78,11.6,2.24,12.24,2.29,0.71,2.16,10.9
BUR,2009,34863,34744,0.8419,0.8302,0.8305,8.3,10.9,1.72,9.19,2.4,0.57,1.73,8.61
BUR,2010,34610,34039,0.8092,0.7926,0.8027,9.99,10.76,1.89,11.16,2.02,0.66,1.74,9.96
BUR,2011,32875,32495,0.8194,0.7992,0.7949,9.6,10.95,2.07,10.81,2.07,0.59,2.06,10.38
BUR,2012,32152,31902,0.8369,0.8173,0.8249,8.88,10.94,2.09,10.16,1.81,0.59,1.56,8.8
BUR,2013,31469,31215,0.8072,0.7889,0.8009,10.2,10.77,1.87,11.44,1.73,0.51,1.62,10.14
BUR,2014,30148,29885,0.7821,0.7613,0.7657,11.3,10.86,1.95,12.58,2.05,0.52,1.84,12.19
BWI,2004,131690,131476,0.781,0.7491,0.7853,11.53,12.09,3.14,14.07,4.65,1.06,2.99,12.14
BWI,2005,132011,131803,0.7682,0.7354,0.7787,12.58,12.05,3.39,15.28,4.33,1.11,2.76,12.66
BWI,2006,131521,131308,0.7608,0.7255,0.7703,13.35,11.98,3.17,15.8,4.14,0.92,2.69,13.13
BWI,2007,130735,130812,0.748,0.702,0.7493,14.67,12.5,3.59,17.67,3.83,1.41,3.21,14.58
BWI,2008,123340,123587,0.7833,0.7467,0.7824,13.24,12,2.97,15.53,3.37,1.22,2.88,13.23
BWI,2009,121056,120992,0.7886,0.7335,0.8134,12.09,12.82,3.82,15.24,3.06,1.43,2.69,10.74
BWI,2010,124683,124272,0.7613,0.7112,0.7952,13.1,12.52,3.39,15.8,3.1,1.66,2.83,11.51
BWI,2011,127281,126806,0.773,0.7239,0.8038,13.55,12.53,3.35,16.31,2.75,1.54,2.77,11.92
BWI,2012,124035,123690,0.7756,0.7216,0.8055,13.02,12.65,3.46,15.78,2.55,1.69,2.83,11.56
BWI,2013,118012,117135,0.7305,0.6674,0.7756,15.23,13.1,3.92,18.53,2.28,2.05,2.84,12.83
BWI,2014,110589,110243,0.7159,0.6517,0.7672,16.1,13.34,3.97,19.4,3.27,1.74,2.75,13.73
CLE,2004,122511,121774,0.8433,0.7643,0.7949,9.31,17.06,6.18,13.63,3.76,1.59,4.56,11.9
CLE,2005,122375,121467,0.8304,0.7623,0.7798,10.15,16.84,5.44,13.91,3.36,1.91,4.38,12.72
CLE,2006,117753,116801,0.8323,0.7866,0.7861,10.34,15.81,4.09,13.05,3.12,1.14,3.95,12.86
CLE,2007,114795,114523,0.7907,0.7195,0.7518,12.89,16.07,4.76,16.64,3.7,1.8,4.41,14.93
CLE,2008,111315,111455,0.8072,0.7576,0.7842,12.53,14.71,3.53,15.18,3.48,1.19,3.46,13.47
CLE,2009,95317,95461,0.8599,0.8295,0.8456,8.97,13.06,2.52,10.66,3.04,0.87,2.42,9.39
CLE,2010,91769,91615,0.8416,0.7968,0.8151,9.88,12.98,2.98,12.09,2.98,1.25,3.2,11.06
CLE,2011,89033,89039,0.8135,0.778,0.7923,12.06,12.54,2.74,14,3.05,1.21,3.17,12.89
CLE,2012,85359,85279,0.8093,0.7809,0.8019,12.41,12.24,2.3,13.93,2.72,1.18,2.19,12.49
CLE,2013,85240,84805,0.7837,0.7384,0.7667,14.34,12.94,3.04,16.64,2.7,1.19,2.65,15.02
CLE,2014,60369,60247,0.7761,0.7203,0.7512,15.1,13.37,3.36,17.84,2.47,1.14,2.78,16.3
CLT,2004,211833,210977,0.7748,0.7225,0.8178,11.85,15.08,3.6,14.4,5.66,0.7,2.82,9.67
CLT,2005,241565,240918,0.7481,0.6569,0.7899,13.3,15.87,5.08,17.36,5.95,1.78,3.28,11.4
CLT,2006,234974,234521,0.7799,0.6602,0.7785,12.07,17.3,6.28,17.31,5.89,2.15,4.06,12.22
CLT,2007,241960,241616,0.7296,0.5971,0.7395,14.59,17.95,6.61,20.42,4.93,2.54,4.46,14.04
CLT,2008,248162,248224,0.7861,0.6276,0.7835,12.19,18.92,7.78,19.12,3.86,1.93,4.15,11.93
CLT,2009,238676,238622,0.8175,0.68,0.8058,10.31,18.47,7.03,16.31,2.98,1.55,3.8,10.53
CLT,2010,248474,248301,0.8324,0.739,0.8324,9.88,17.16,5.44,14.38,2.64,2.66,3.17,9.66
CLT,2011,254209,253986,0.7902,0.6927,0.7926,12.33,17.85,5.52,16.84,2.39,3.44,3.58,11.82
CLT,2012,260789,260134,0.8348,0.7641,0.8453,9.39,16.9,4.44,12.73,2.58,2.99,2.68,8.71
CLT,2013,263287,262066,0.805,0.7169,0.8076,11.37,17.79,5.18,15.41,3.36,2.86,3.6,11.02
CLT,2014,257713,257585,0.7841,0.7102,0.8166,12.23,16.75,4.19,15.69,3.09,3.11,2.93,10.55
CVG,2004,252037,251102,0.8091,0.7481,0.8077,10.71,15.74,3.98,14.13,5.43,0.71,3.13,10.98
CVG,2005,242191,241472,0.8382,0.7663,0.8276,8.84,15.77,4.64,12.78,4.54,1.52,2.8,9.86
CVG,2006,168752,168780,0.844,0.7892,0.8319,8.55,14.61,3.65,11.45,4.32,1.09,2.88,9.77
CVG,2007,159430,159414,0.7968,0.7165,0.7908,11.75,15.69,4.9,16.04,3.94,1.41,3.31,12.69
CVG,2008,138516,138424,0.8117,0.7372,0.8107,11.15,16.36,4.72,15.23,3.71,1.43,3.06,11.79
CVG,2009,107128,107179,0.8287,0.7778,0.8433,10.01,15.68,3.66,13.02,3.45,1.92,2.4,9.51
CVG,2010,83433,83424,0.8015,0.7496,0.8054,11.85,15.57,3.57,14.74,2.36,2.48,2.76,11.65
CVG,2011,75511,75374,0.8014,0.7752,0.8142,12.39,13.84,1.93,13.75,1.55,1.37,2.12,10.95
CVG,2012,66723,66503,0.8139,0.7951,0.8321,11.65,13.34,1.71,12.68,1.51,1.02,1.76,10.05
CVG,2013,63176,63114,0.7831,0.7423,0.804,13.96,14.7,3.3,16.31,1.89,0.77,2.54,12.61
CVG,2014,61186,61428,0.7589,0.7332,0.7822,14.96,13.28,2.08,16.33,1.59,1.41,2.7,13.26
DAL,2004,58591,57844,0.705,0.6938,0.7463,13.87,8.15,1.86,15.42,4.72,0.65,2.32,13.12
DAL,2005,53226,53340,0.7268,0.7118,0.7686,12.73,8.57,1.95,14.46,4.89,0.75,2.14,11.96
DAL,2006,60231,60432,0.7372,0.7152,0.7612,13.3,9.27,2.12,15.09,4.44,0.76,2.1,12.87
DAL,2007,65714,65822,0.705,0.6708,0.7264,16.04,9.89,2.52,18.22,4.7,0.88,2.75,15.36
DAL,2008,63362,63315,0.7219,0.6868,0.7486,14.79,9.73,2.33,16.9,3.61,0.86,2.35,13.96
DAL,2009,55238,55165,0.7464,0.7203,0.7948,13.49,9.47,2.09,15.15,3.65,0.65,1.75,11.08
DAL,2010,53342,53200,0.6971,0.67,0.7557,15.57,9.61,2.21,17.22,3.45,0.91,1.75,13.04
DAL,2011,54947,54757,0.7169,0.6965,0.7637,14.78,9.28,1.78,15.98,2.74,0.94,1.8,13.33
DAL,2012,55964,55754,0.7543,0.7373,0.7899,12.62,9.21,1.77,13.71,2.56,0.88,1.71,11.5
DAL,2013,57314,56767,0.6899,0.6547,0.7289,14.96,10.1,2.51,16.83,2.31,1.6,2.34,14.26
DAL,2014,59618,59515,0.6465,0.611,0.7078,18.04,10.31,2.28,20.04,2.52,1.36,2.47,16.19
DAY,2004,41845,41844,0.7263,0.6853,0.7494,14.95,13.53,3.79,17.18,1.61,0.58,2.59,14.27
DAY,2005,39119,38814,0.7608,0.7145,0.7529,13.27,12.83,3.66,15.58,1.52,0.96,2.64,14.24
DAY,2006,31367,31203,0.7851,0.7528,0.751,12.91,12.61,2.72,14.58,1.61,0.56,2.81,14.39
DAY,2007,29440,29659,0.794,0.7589,0.7326,13.17,12.55,2.81,14.97,2.23,1.03,3.02,16.03
DAY,2008,28610,28723,0.8115,0.7562,0.7574,12.64,13.06,3.66,15.41,2.52,0.99,3.08,14.42
DAY,2009,25257,25284,0.8304,0.7793,0.7846,11.02,12.81,3.16,13.47,1.95,0.97,2.8,12.49
DAY,2010,24635,24681,0.8428,0.7836,0.7888,10.34,13.47,3.56,13.12,1.66,0.66,2.92,12.57
DAY,2011,23861,23868,0.8266,0.7919,0.7664,11.48,12.96,2.57,13.27,1.49,0.76,3.05,14.13
DAY,2012,23185,23150,0.8314,0.8033,0.776,10.95,12.61,2.22,12.36,1.41,1.04,2.44,12.97
DAY,2013,22095,22366,0.7947,0.7419,0.7479,13.32,13.46,3.27,15.85,1.37,1.07,2.86,15.1
DAY,2014,20533,20524,0.7732,0.7349,0.7199,14.44,12.77,2.5,16.44,1.69,0.84,3.1,16.72
DCA,2004,134223,134342,0.8238,0.7812,0.8254,10.11,14,3.97,12.8,4.07,1.06,3.09,10.02
DCA,2005,138576,138447,0.8128,0.7483,0.812,11.48,14.62,5.13,15.24,4.32,1.74,3.43,11.12
DCA,2006,137261,137325,0.8014,0.7245,0.7912,11.95,15.49,5.4,16.15,3.73,1.53,3.86,12.32
DCA,2007,135433,135603,0.7665,0.6801,0.7575,14.71,16.21,5.75,19.45,2.87,1.76,4.05,14.57
DCA,2008,135908,136051,0.8213,0.7474,0.8126,11.67,15.81,4.98,15.69,4.22,1.29,3.12,11.25
DCA,2009,133298,133540,0.8398,0.7676,0.8315,10.56,15.83,4.95,14.43,3.6,1.23,2.96,10.12
DCA,2010,133228,133440,0.8385,0.7749,0.8347,10.64,15.67,4.36,13.92,3.67,1.44,2.84,10.09
DCA,2011,138494,138864,0.7982,0.7353,0.8045,13.12,16.11,4.3,16.51,4.13,1.28,3.09,12.11
DCA,2012,140272,140686,0.8058,0.7397,0.8295,12.2,15.67,3.86,15.28,3.45,1.07,2.55,10.64
DCA,2013,142830,142923,0.7975,0.7158,0.8199,13.01,16.51,4.67,17,3.39,1.19,2.63,11.38
DCA,2014,139074,139259,0.7807,0.6936,0.8132,13.55,16.59,4.58,17.56,3.35,1.45,2.63,11.39
DEN,2004,278131,273449,0.8134,0.7687,0.8259,10.26,13.91,3.26,12.59,3.73,1.33,3.43,9.74
DEN,2005,279946,275578,0.804,0.7617,0.8216,11.25,13.91,3.29,13.7,3.93,1.98,3.29,10.27
DEN,2006,297895,294284,0.784,0.732,0.7907,12.8,14.51,3.92,15.81,3.64,2.15,4.07,12.04
DEN,2007,306308,305681,0.7614,0.6819,0.7544,14.11,15.94,5.46,18.54,4.48,2.44,4.64,14.34
DEN,2008,309021,308882,0.7753,0.7023,0.7658,12.84,15.65,4.6,16.56,4.79,2.22,4.3,13.29
DEN,2009,302078,301936,0.7815,0.7174,0.7976,12.54,15.54,4.43,16.1,4.87,2.05,3.91,11.54
DEN,2010,313514,313279,0.7968,0.7447,0.8219,11.42,14.34,3.47,14.14,4.23,2.06,2.99,10.58
DEN,2011,313976,313459,0.7833,0.7313,0.8149,12.48,14.01,3.71,15.43,3.73,2.02,3.07,10.84
DEN,2012,304100,304910,0.7748,0.7232,0.8112,12.86,13.55,3.32,15.48,2.9,2.06,2.68,10.88
DEN,2013,287348,288563,0.72,0.6542,0.7532,16.43,14.76,4.34,20.01,2.3,2.45,3.87,14.92
DEN,2014,281772,282305,0.7168,0.6482,0.7582,16.64,15,4.36,20.28,2.86,1.98,3.84,15.16
DFW,2004,396314,394112,0.8051,0.7152,0.818,11.21,18.02,6.61,16.46,2.42,4.63,4.34,11.37
DFW,2005,350842,349641,0.7909,0.7238,0.8128,11.63,17.01,5.27,15.75,2.49,5.03,3.98,11.23
DFW,2006,343597,342755,0.7606,0.6959,0.7891,13.47,16.77,5.2,17.5,2.02,4.1,3.84,12.71
DFW,2007,337258,336365,0.7186,0.6556,0.7341,17.25,16.84,5.18,21.59,2.57,4.44,4.98,17.23
DFW,2008,322443,321755,0.7479,0.693,0.7702,14.25,15.86,4.4,17.77,2.49,4.33,4.32,14.05
DFW,2009,314983,314726,0.7542,0.7045,0.7958,14.64,15.43,4.04,17.79,2.72,3.68,3.73,13.06
DFW,2010,321172,320558,0.7897,0.7456,0.8251,12.31,14.82,3.61,15.04,2.17,3.67,2.91,10.95
DFW,2011,318711,317906,0.7924,0.7541,0.8304,12.2,14.35,3.26,14.56,1.9,3.32,2.86,11.05
DFW,2012,319889,319208,0.7913,0.7512,0.8234,12.3,14.46,3.38,14.7,2,3.64,2.97,11.6
DFW,2013,333290,331439,0.7457,0.6982,0.7884,15.05,14.67,3.57,17.85,2.21,4.21,3.55,13.99
DFW,2014,334660,334397,0.7504,0.699,0.766,14.82,15.01,3.96,17.94,2.62,4.95,4.44,15.98
DTW,2004,252361,250939,0.8091,0.7363,0.8271,10.76,17.39,5,14.41,4.83,2.06,3.54,9.78
DTW,2005,253845,252143,0.7487,0.6651,0.7947,14.04,17.9,5.39,18.32,4.72,2.36,3.28,12.24
DTW,2006,232361,231634,0.7755,0.6902,0.789,12.29,17.89,5.2,16.43,5.16,2.29,3.94,12.27
DTW,2007,228892,226666,0.7778,0.6483,0.7485,12.88,20.08,7.04,19.11,4.88,3.73,5,15.31
DTW,2008,226840,225224,0.7995,0.7105,0.8029,11.99,19.78,5.65,16.63,4.27,2.88,3.51,12.53
DTW,2009,211239,210518,0.8311,0.7286,0.8224,9.85,20.08,6.06,14.68,4.24,2.55,3.27,10.62
DTW,2010,221903,220623,0.7825,0.6769,0.788,12.93,20.03,6.09,17.98,4.72,2.89,3.48,12.77
DTW,2011,216449,216041,0.792,0.7427,0.8157,12.56,17.55,3.25,14.95,4.74,0.92,2.15,11.07
DTW,2012,208723,208264,0.8052,0.7585,0.843,12.2,17.33,3.16,14.47,3.96,0.85,1.74,9.8
DTW,2013,207053,206364,0.819,0.7171,0.824,11.94,19.89,6.08,16.78,4.23,1.32,2.61,11.85
DTW,2014,192007,192080,0.8045,0.7477,0.8217,12.54,17.47,3.72,15.45,4.12,0.89,2.27,11.64
EWR,2004,212226,209575,0.7921,0.5698,0.7147,12.87,25.93,12.73,23.59,5.93,2.21,6.04,18.54
EWR,2005,211790,209551,0.7421,0.5255,0.6528,16.02,25.96,12.31,26.62,6.22,2.63,7.52,23.18
EWR,2006,214805,213118,0.7189,0.4525,0.6383,18.07,29.13,15.42,31.8,6.21,2.65,7.25,24.79
EWR,2007,209019,207435,0.6903,0.4335,0.618,21.24,28.74,15.22,35.34,5.49,2.8,6.89,27.78
EWR,2008,207145,206270,0.7034,0.4371,0.6404,20.24,28.98,15.63,34.57,4.83,3.18,5.64,26.55
EWR,2009,196298,195150,0.7408,0.4957,0.6701,17.99,25.74,13.09,29.7,4.66,2.15,5.12,24.88
EWR,2010,192614,191370,0.754,0.61,0.7203,16.22,20.94,8.1,23.19,4.11,1.96,4.1,19.37
EWR,2011,192879,191645,0.7318,0.5873,0.669,17.77,20.99,8.49,25.08,4.85,2.54,5.14,22.32
EWR,2012,196105,195110,0.7217,0.5716,0.7009,18.06,21.33,8.71,25.66,3.9,2.86,3.61,19.91
EWR,2013,196365,194358,0.7264,0.5815,0.7095,18.13,20.91,8.41,25.53,3.54,2.51,3.46,20.23
EWR,2014,189545,188206,0.7211,0.573,0.7153,17.96,20.68,8.37,25.46,3.86,2.72,3.15,19.63
FLL,2004,106389,106749,0.7699,0.7044,0.7454,13.27,16.27,4.67,16.89,3.5,0.93,3.83,14.38
FLL,2005,121481,120277,0.7194,0.6436,0.7197,16.6,16.78,5.4,20.96,3.67,1.2,4.13,16.34
FLL,2006,111601,110317,0.7736,0.7279,0.7762,13.13,15.28,3.83,15.92,3.58,1.04,3.22,12.77
FLL,2007,117119,116401,0.7411,0.6724,0.7247,15.62,15.72,4.45,19.4,2.56,1.24,3.68,16.31
FLL,2008,113379,112391,0.755,0.6863,0.7326,15.67,16.59,4.77,19.63,2.8,1.21,4.13,16.04
FLL,2009,102633,101149,0.7687,0.7213,0.7719,14.02,15.75,3.68,16.81,2.95,1.29,3.67,13.33
FLL,2010,104078,102652,0.772,0.7276,0.7713,14.17,15.13,3.24,16.71,3.04,1.06,3.21,13.67
FLL,2011,104576,103097,0.7665,0.7049,0.7647,14.5,15.87,4.16,17.8,2.08,1.12,3.46,14.28
FLL,2012,106550,106006,0.7756,0.7149,0.7693,15.41,16.12,4.3,18.71,2.06,0.93,3.27,14.17
FLL,2013,104830,104066,0.7426,0.6766,0.7342,16.57,16.74,4.47,20.12,2.26,1.15,3.9,16.12
FLL,2014,106272,105742,0.729,0.6799,0.7434,16.55,15.94,3.58,19.36,2.43,1.21,3.88,15.53
GYY,2004,261,259,0.5556,0.5939,0.5985,22.3,9.11,0,21.11,4.83,0,4.07,22.46
GYY,2005,796,802,0.6055,0.6256,0.5324,17.7,9.4,0.05,16.83,3.04,0.01,3.24,24.43
GYY,2006,435,433,0.5425,0.5494,0.5104,20.28,10.23,0.05,19.94,4.99,0,4.99,25.06
GYY,2007,703,691,0.5889,0.5875,0.5253,22.39,11.03,0.06,22.42,4.41,0,4.58,23.96
GYY,2008,425,446,0.6094,0.6071,0.5852,21.96,11.15,0.09,22.02,3.44,0,3.47,20.1
GYY,2009,367,356,0.5232,0.5313,0.4972,25.3,11.11,0.07,25.27,4.23,0,3.9,25.58
GYY,2010,432,444,0.4907,0.4907,0.4932,27.3,11.16,0.11,27.41,3.84,0,3.44,24.7
GYY,2011,499,530,0.6012,0.5972,0.5736,19.05,11.13,0.09,19.18,3.47,0,2.57,22.69
GYY,2012,716,738,0.6131,0.6103,0.584,21.06,11.12,0.09,21.26,3.3,0,2.72,21.5
GYY,2013,519,540,0.5511,0.5472,0.6704,23.26,11.29,0.24,23.91,2.64,0,2.89,15.17
GYY,2014,729,752,0.5857,0.561,0.5505,22.02,11.57,0.33,22.93,3.12,0,3.59,23.08
HNL,2004,92661,91206,0.8673,0.8664,0.836,11.26,14.96,1.17,11.37,3.51,0.86,4.15,10.69
HNL,2005,97359,95239,0.8672,0.8734,0.8282,10.75,12.79,0.8,10.5,2.73,1.65,3.68,10.19
HNL,2006,101458,100974,0.8861,0.879,0.8495,7.2,12.37,1.63,7.75,2.59,0.87,3.47,8.55
HNL,2007,102986,111266,0.8858,0.8823,0.8633,7.77,11.93,1.36,8.11,2.38,0.81,2.95,9.14
HNL,2008,91217,100500,0.8652,0.8433,0.8411,8.23,11.9,2.02,9.48,2.11,1.25,3.56,10
HNL,2009,90128,91124,0.8678,0.8394,0.8452,7.5,12.35,2.25,8.95,1.88,1.47,4.24,9.04
HNL,2010,83392,83811,0.8789,0.8535,0.8461,6.95,12.65,2.26,8.28,1.99,1.62,4.37,8.91
HNL,2011,83128,83426,0.8815,0.8611,0.8678,7,12.66,1.96,8.09,1.79,1.09,3.35,7.99
HNL,2012,88261,88228,0.8791,0.8523,0.8629,7.32,13,2.24,8.67,1.49,1.32,3.22,8
HNL,2013,87945,87896,0.8734,0.8479,0.8504,7.96,13.32,2.27,9.3,1.64,1.3,3.28,9.23
HNL,2014,90752,88621,0.8882,0.86,0.8577,6.45,13.52,2.31,7.84,1.91,1.17,3.5,8.22
HOU,2004,65315,65458,0.728,0.7156,0.7639,13.61,8.95,2.26,15.34,5.35,0.92,2.58,12.23
HOU,2005,62927,62981,0.7235,0.7055,0.7628,13.98,9.38,2.52,16.17,5.45,1.05,2.48,12.48
HOU,2006,63002,62901,0.7085,0.6939,0.7515,15.18,8.69,1.68,16.5,5.25,1.09,2.46,13.16
HOU,2007,64971,64877,0.7014,0.6714,0.7303,16.37,9.25,2.42,18.35,5.5,1.21,2.93,14.8
HOU,2008,62474,62377,0.7152,0.6879,0.75,15.53,9.39,2.41,17.36,4.13,1.3,2.61,13.83
HOU,2009,59009,59006,0.7383,0.7209,0.7915,14.27,8.92,1.73,15.48,2.41,1.5,2,11.13
HOU,2010,58084,58176,0.6841,0.6558,0.7649,16.07,9.29,2.16,17.73,1.86,1.86,2.16,12.07
HOU,2011,60853,60660,0.7082,0.6824,0.779,15.4,9.03,1.8,16.83,1.37,1.46,1.93,12.07
HOU,2012,63731,63771,0.7228,0.6964,0.7963,14.35,9.12,1.87,15.88,1.33,1.49,1.92,10.77
HOU,2013,67223,67673,0.6686,0.6321,0.7436,16.24,9.41,2.16,18.16,1.29,1.71,2.46,13.19
HOU,2014,68319,68348,0.6526,0.6237,0.7159,18.51,9.72,2.3,20.22,2.11,1.73,3,15.8
HPN,2004,34104,33880,0.6116,0.5583,0.5732,20.8,14.22,4.88,24.1,4.3,1.73,5.73,22.43
HPN,2005,33059,32858,0.5622,0.5171,0.5604,23.28,13.01,3.84,25.76,4.01,1.45,5.02,23.6
HPN,2006,31937,32086,0.5494,0.5159,0.55,23.3,14.4,3.48,25.65,4.17,1.85,5.17,24.01
HPN,2007,35911,36118,0.5299,0.4612,0.5136,25.84,16.01,5.23,30.62,4.67,3.07,6.97,27.16
HPN,2008,31907,32126,0.5768,0.5266,0.5896,22.72,15.43,3.93,26,4.68,1.13,4.56,23.18
HPN,2009,27647,27642,0.6116,0.5824,0.6245,20.39,13.84,2.44,22.14,3.96,0.83,4.15,20.54
HPN,2010,30180,30438,0.6084,0.5779,0.6159,20.5,13.17,2.45,22.38,3.63,0.92,4.55,20.77
HPN,2011,30813,31566,0.5993,0.5731,0.5965,21.64,12.73,2.39,23.32,3.87,1.2,4.67,22.31
HPN,2012,31387,32243,0.6036,0.5851,0.6174,19.91,12.05,1.77,21.07,3.71,0.94,4.01,20.23
HPN,2013,30725,31431,0.5824,0.53,0.5891,21.07,13.36,3.33,24.31,3.22,0.74,4.14,21.72
HPN,2014,30230,30777,0.5837,0.5233,0.5846,21.29,13.75,3.53,24.89,3.39,0.99,4.6,22.3
IAD,2004,212945,215986,0.7261,0.6179,0.7484,15.71,18.82,7.17,21.45,5.05,1.28,3.79,15.09
IAD,2005,233140,236001,0.7425,0.6573,0.7632,15.07,18.64,5.8,19.41,4.38,1.75,3.57,14.15
IAD,2006,169691,172953,0.7311,0.6822,0.7441,16.89,17.16,4.23,19.91,4.36,1.93,3.28,15.84
IAD,2007,171679,173013,0.7147,0.6361,0.7193,17.92,18.06,5.34,22.55,4.73,1.83,3.67,17.52
IAD,2008,164378,164798,0.7155,0.6368,0.7327,18.33,17.92,4.99,22.68,4.19,1.35,3.11,17.04
IAD,2009,156324,155395,0.7718,0.7197,0.7876,14.57,16.72,3.78,17.53,3.8,1.49,2.74,12.74
IAD,2010,155124,154841,0.7742,0.7211,0.7804,14.33,16,3.72,17.29,3.02,1.38,2.71,13.36
IAD,2011,152047,151481,0.7477,0.6884,0.7527,16.59,16.04,4.04,20.01,3.03,1.59,3.34,15.34
IAD,2012,143837,143568,0.7412,0.6805,0.7634,16.25,15.66,3.77,19.45,2.48,1.37,2.49,14.45
IAD,2013,141951,141085,0.7262,0.6559,0.7421,17.29,16.28,4.42,21.13,2.44,1.49,2.76,15.92
IAD,2014,134578,133877,0.6957,0.6266,0.723,19.34,15.94,3.85,23.11,2.78,1.49,3.05,17.66
IAH,2004,247146,246368,0.8607,0.6809,0.8084,8.39,21.45,9.56,16.32,3.37,3.81,5.42,11.19
IAH,2005,271941,269537,0.8442,0.7184,0.8178,9.05,20.32,7.34,14.84,3.53,2.32,4.75,10.7
IAH,2006,291421,289276,0.7952,0.6599,0.7757,12.51,21.28,7.67,18.86,3.53,3.21,5.41,13.91
IAH,2007,291242,290346,0.786,0.6935,0.7757,13.19,19.69,5.73,18.14,3.47,2.9,4.4,14.45
IAH,2008,278764,278546,0.8003,0.7205,0.7854,12.2,18.07,5,16.37,3.54,2.42,4.23,14.04
IAH,2009,261290,261184,0.8416,0.7503,0.8127,9.42,17.48,5.36,13.79,2.96,2.29,4.3,11.34
IAH,2010,257236,256761,0.8211,0.7483,0.8066,10.37,16.05,4.26,13.73,2.66,1.99,4.48,11.27
IAH,2011,254998,254038,0.8034,0.7179,0.7943,11.6,16.52,4.84,15.52,2.44,2.26,3.94,12.38
IAH,2012,247043,246118,0.7671,0.674,0.7915,14.18,16.44,5.12,18.43,2.07,2.41,3.09,13.28
IAH,2013,241954,242330,0.7753,0.7058,0.7929,13.62,15.93,4.37,17.05,1.71,2.2,3.08,13.06
IAH,2014,245284,245369,0.754,0.6729,0.7649,14.92,16.62,4.98,18.98,2.65,2.57,3.79,15.19
IND,2004,86320,86866,0.7792,0.7424,0.7445,12.28,12.98,3.18,14.49,2.97,1.35,4.43,13.98
IND,2005,92901,93187,0.7605,0.7179,0.737,13.27,13.21,3.57,15.64,3.12,1.74,5.02,14.75
IND,2006,87866,87860,0.7781,0.7396,0.7379,12.62,13.39,3.18,14.74,2.95,1.64,4.71,14.4
IND,2007,85550,85626,0.7714,0.7229,0.708,13.65,14.19,3.69,16.55,3.27,2.34,5.08,16.83
IND,2008,84243,84597,0.7975,0.7502,0.7633,12.14,14.14,3.49,14.85,3.19,1.33,3.95,13.51
IND,2009,74138,74235,0.8193,0.7832,0.8183,10.92,13.12,2.67,12.95,2.92,0.46,2.99,10.27
IND,2010,71636,71856,0.7958,0.7501,0.7974,11.77,13.16,3.05,14.12,2.85,0.46,3,11.43
IND,2011,68885,68918,0.7856,0.7603,0.784,12.53,12.19,2.02,13.93,2.63,0.78,2.89,12.35
IND,2012,68311,68266,0.8098,0.7831,0.8027,11.2,12.05,1.86,12.52,2.16,0.81,2.46,10.92
IND,2013,67136,66993,0.7664,0.7252,0.7706,13.89,12.77,2.78,16.18,2.04,1.02,2.84,13.29
IND,2014,66542,66383,0.7231,0.6907,0.7524,15.78,12.8,2.5,17.63,2.06,1.18,3.07,14.49
ISP,2004,4045,4061,0.84,0.8156,0.7956,8.27,10.04,2.73,10.6,3.06,1.09,2.52,10.56
ISP,2005,17364,17291,0.8102,0.7899,0.792,10.45,9.84,2.58,12.45,3.17,1.02,2.31,11.34
ISP,2006,15706,15641,0.8008,0.7945,0.7896,11.63,8.59,1.33,12.39,3.62,0.59,2.11,11.93
ISP,2007,15214,15170,0.8096,0.7861,0.7713,11.49,8.91,1.8,12.99,3.72,0.67,2.14,13.55
ISP,2008,13736,12677,0.8058,0.7879,0.7726,11.95,8.6,1.55,13.02,2.28,0.76,1.98,13.43
ISP,2009,10590,10593,0.8155,0.7973,0.7861,10.74,8.4,1.36,11.66,1.75,0.81,1.9,11.73
ISP,2010,9856,9770,0.7876,0.767,0.7407,11.42,8.55,1.57,12.71,1.75,0.61,2.12,13.92
ISP,2011,9556,9546,0.8036,0.7882,0.763,12.66,8.64,1.51,13.8,1.42,0.5,1.89,15.37
ISP,2012,8716,8710,0.7868,0.7728,0.754,13.61,8.38,1.22,14.57,1.23,0.45,1.97,15.33
ISP,2013,8344,8291,0.7572,0.7285,0.7059,13.38,8.61,1.4,14.73,1.27,0.42,2.57,16.9
ISP,2014,7816,7776,0.7238,0.7033,0.6817,17.02,9.08,1.56,18.18,1.26,0.46,2.6,19.89
JAX,2004,11321,11447,0.7824,0.7584,0.7496,11.9,11.64,2.5,13.57,1.55,0.7,2.23,13.15
JAX,2005,46410,46695,0.777,0.7525,0.739,12.67,11.76,2.65,14.53,1.69,1.04,3.01,14.12
JAX,2006,45885,46065,0.7822,0.7587,0.7469,12.35,11.88,2.44,14.05,1.5,1.01,2.85,13.68
JAX,2007,48344,48598,0.7744,0.7407,0.7117,13.44,12.76,3.02,15.64,1.37,1.48,3.45,15.88
JAX,2008,43779,44043,0.7964,0.7701,0.7487,12.5,12.69,2.65,14.28,1.44,0.94,3.59,14.34
JAX,2009,38246,38209,0.8212,0.7858,0.7799,10.76,12.97,2.97,12.78,1.28,0.89,3.14,12.04
JAX,2010,37272,37361,0.8334,0.8011,0.7832,9.92,12.66,2.68,11.57,1.15,0.87,2.65,11.9
JAX,2011,38130,38079,0.822,0.8009,0.7781,10.98,12.32,2.22,12.26,1.19,0.81,2.78,12.45
JAX,2012,34150,34070,0.8279,0.8054,0.7868,10.71,12.44,2.21,11.99,1.1,1.04,2.42,12.28
JAX,2013,34562,34417,0.7957,0.7692,0.7514,12.73,12.64,2.34,14.16,1.26,1.15,2.72,14.29
JAX,2014,35084,35010,0.7868,0.7596,0.7414,13.32,12.7,2.19,14.77,2.11,0.85,3.09,14.92
JFK,2004,151115,148127,0.7543,0.6028,0.7461,15.07,23.79,8.75,22.43,3.64,2.95,4.65,14.91
JFK,2005,164971,162914,0.7133,0.5107,0.6936,17.38,27.58,12.17,27.8,4.4,3.9,5.72,18.4
JFK,2006,180139,178673,0.7182,0.4423,0.6704,18.44,32.94,17.12,33.84,4.7,3.35,5.99,20.65
JFK,2007,210060,209898,0.6688,0.3808,0.6298,22.68,35.76,18.94,40.51,6.63,4.01,7.21,24.92
JFK,2008,208347,207144,0.7343,0.5042,0.667,18.44,33.31,14.31,31.57,6.38,3.93,6.34,22.66
JFK,2009,201184,199397,0.7784,0.5814,0.7249,14.42,31.07,11.98,25.05,5.69,3.63,5.04,17.71
JFK,2010,192101,190038,0.7348,0.57,0.739,17.87,28.7,10.1,26.98,5.09,3.74,4.32,17.39
JFK,2011,197805,196354,0.7393,0.5989,0.7407,17.29,25.98,8.5,24.82,5.16,2.55,3.82,17.21
JFK,2012,194788,193893,0.7697,0.6409,0.7819,14.83,24.98,7.55,21.27,4.32,2.02,2.97,13.89
JFK,2013,196105,193781,0.7457,0.6038,0.7375,16.09,25.53,8.61,23.64,4.21,2.38,3.88,16.85
JFK,2014,206239,205660,0.7373,0.5878,0.7344,16.64,25.1,8.04,23.83,4.69,2.61,4.05,17.23
LAS,2004,196424,196144,0.7609,0.6589,0.7631,12.72,16.2,5.89,17.67,2.38,1.51,3.29,13.28
LAS,2005,212089,212329,0.741,0.6581,0.7621,13.41,15.39,4.69,17.3,2.19,1.77,3.09,12.99
LAS,2006,216984,217891,0.737,0.6255,0.7433,13.78,16.45,6,18.81,2.16,1.8,3.66,13.76
LAS,2007,223643,225495,0.7447,0.6177,0.7494,13.81,16.9,6.56,19.42,2.29,2.01,3.4,13.79
LAS,2008,207552,208196,0.762,0.6664,0.7586,13.95,16.28,5.65,18.58,2.24,1.7,3.63,13.92
LAS,2009,183201,183116,0.7923,0.7356,0.8069,11.31,14.47,3.94,14.28,1.76,1.53,2.71,10.42
LAS,2010,174475,174562,0.7742,0.7168,0.8008,12.32,14.14,3.87,15.26,1.61,1.57,2.24,10.79
LAS,2011,181828,181770,0.775,0.7176,0.7955,12.37,14.26,3.79,15.27,1.57,1.59,2.56,11.14
LAS,2012,179153,180035,0.7802,0.7286,0.8051,12.47,13.93,3.5,15.13,1.47,2.1,2.34,10.84
LAS,2013,177409,179793,0.7477,0.6901,0.7771,14.46,13.99,3.62,17.37,1.29,1.73,2.66,12.84
LAS,2014,181578,181929,0.7394,0.6887,0.7643,14.77,13.61,3.35,17.47,1.71,1.77,2.89,13.47
LAX,2004,307973,307061,0.8144,0.7604,0.8093,10.17,14.08,4.1,13.22,3.03,2.41,3.52,10.47
LAX,2005,306439,306044,0.801,0.7546,0.7923,10.55,13.9,3.72,13.22,3.02,2.37,3.54,11.22
LAX,2006,306821,306201,0.7819,0.7213,0.7561,11.81,14.82,4.36,15,3.18,2.93,4.11,13.23
LAX,2007,316257,316715,0.777,0.6992,0.7501,12.42,15.71,4.81,16.24,3.19,3.58,4.05,14.09
LAX,2008,293640,294144,0.7942,0.7478,0.7675,12.15,14.82,3.37,14.62,3.07,2.69,3.93,13.51
LAX,2009,262782,262838,0.833,0.8032,0.8153,9.95,13.68,2.63,11.65,2.75,2.15,2.77,10.83
LAX,2010,269895,270550,0.8106,0.7674,0.7992,11.27,14.09,3.22,13.57,2.65,2.97,2.92,11.59
LAX,2011,284127,284618,0.8082,0.7493,0.7809,11.02,14.86,3.96,14.02,2.77,3.31,3.63,12.32
LAX,2012,284637,285252,0.8022,0.7334,0.7884,11.55,15.39,4.44,14.95,2.47,4,3.12,12.14
LAX,2013,288214,288965,0.8001,0.7435,0.7844,11.69,15.21,3.98,14.58,2.33,3.53,3.17,12.66
LAX,2014,303156,302628,0.7681,0.7048,0.7652,13.32,15.44,4.09,16.46,2.64,3.9,3.63,13.99
LGA,2004,196421,196310,0.7963,0.621,0.7518,12.44,23.28,10.18,20.77,5.29,2.42,4.57,15.47
LGA,2005,196606,196474,0.7429,0.569,0.6829,16.09,22.44,10.35,24.55,5.73,2.41,5.67,20.41
LGA,2006,196274,196378,0.7398,0.5213,0.6671,16.55,25.75,13,27.64,5.97,2.39,5.99,21.05
LGA,2007,191343,191847,0.7004,0.4267,0.6109,19.48,27.32,15,33.26,6.93,2.56,6.84,25
LGA,2008,186037,186204,0.7458,0.4705,0.6572,16.86,27.03,14.71,30.04,7.28,2.43,5.96,22.23
LGA,2009,174192,174054,0.79,0.572,0.7178,13.77,24.42,11.96,24.08,7.01,1.89,4.73,18.38
LGA,2010,178701,178938,0.7996,0.5804,0.7617,12.95,24.42,11.53,22.85,5.83,2.35,3.62,14.95
LGA,2011,180288,180945,0.7639,0.5437,0.7373,15.96,24.68,11.67,26.25,6.14,1.96,3.54,17.7
LGA,2012,181426,182054,0.804,0.5906,0.7814,12.82,23.97,10.98,22.33,5.13,2.25,2.97,14.19
LGA,2013,182284,181998,0.7698,0.5486,0.746,15.72,24.43,11.25,25.84,5.25,2.24,3.28,17.29
LGA,2014,180282,180537,0.7599,0.5318,0.7498,15.75,24.61,11.21,25.92,4.79,2.34,3.19,16.47
LGB,2004,3663,3749,0.8438,0.8329,0.7437,8.82,12.35,1.96,9.81,1.98,0.63,4.15,12.79
LGB,2005,15607,15858,0.8484,0.8274,0.7743,8.24,12.48,2.29,9.57,1.59,0.82,3.25,11.52
LGB,2006,15360,16113,0.8435,0.8121,0.7752,8.66,13.68,3.01,10.65,1.71,0.78,4.2,11.26
LGB,2007,16866,17042,0.8255,0.7819,0.7832,9.67,15.3,3.79,12.19,2.02,1.39,4.06,11.9
LGB,2008,17722,17958,0.8261,0.8062,0.7886,10.59,14.45,2.46,11.97,2.26,1.72,4.49,12.59
LGB,2009,16686,16753,0.8676,0.8544,0.8367,7.68,13.56,2.14,8.72,2.14,1.19,3.34,9.05
LGB,2010,16764,16706,0.8193,0.7895,0.824,10.85,14.17,2.88,12.79,2.36,1.47,3.11,10.48
LGB,2011,16578,16559,0.8351,0.8176,0.8283,10.04,13.38,2.23,11.24,2.73,0.86,2.69,10.17
LGB,2012,15954,15899,0.8441,0.8343,0.8496,9.72,12.57,1.81,10.49,2.26,0.6,2.22,9.25
LGB,2013,14945,15163,0.8599,0.8462,0.8432,8.51,12.63,2.03,9.49,2.19,0.63,2.37,9.17
LGB,2014,14641,14736,0.8434,0.8288,0.832,9.26,12.5,1.86,10.14,2.37,0.63,2.37,9.71
MCI,2004,79314,79750,0.8214,0.7974,0.775,10.05,11.1,2.74,11.96,3.05,0.84,3.13,12.41
MCI,2005,78603,79179,0.8126,0.7882,0.7634,10.72,11.06,2.65,12.64,2.82,0.99,2.91,13.16
MCI,2006,80635,81982,0.7984,0.7765,0.7451,11.99,10.99,2.34,13.53,2.72,0.98,3.43,14.09
MCI,2007,92612,92916,0.7823,0.7447,0.7376,13.22,11.97,3.08,15.54,2.97,1.31,3.85,15.03
MCI,2008,83948,84279,0.7933,0.7669,0.7476,12.93,11.57,2.44,14.56,2.69,1.04,3.62,14.31
MCI,2009,71385,71498,0.8298,0.7994,0.793,10.61,11.89,2.8,12.56,2.76,1.19,2.98,11.54
MCI,2010,68953,69136,0.8147,0.7874,0.7975,11.24,11.46,2.42,12.81,2.76,1.06,2.56,11.46
MCI,2011,68122,68087,0.7992,0.7767,0.7844,12.58,11.28,2.21,13.89,2.56,0.96,2.6,12.63
MCI,2012,64377,64185,0.8309,0.8145,0.8101,10.81,10.89,1.89,11.82,1.78,0.89,1.91,11.22
MCI,2013,62289,62112,0.795,0.7622,0.7621,12.69,11.61,2.84,14.59,1.79,1.07,2.59,14.05
MCI,2014,61417,61249,0.7732,0.7443,0.7472,14.14,11.26,2.36,15.73,2.17,1.04,2.72,15.21
MCO,2004,150156,150352,0.8138,0.7698,0.7847,10.76,13.83,3.74,13.62,2.42,1.45,3.42,11.94
MCO,2005,166165,166776,0.7837,0.7546,0.7699,12.54,12.95,2.85,14.6,2.74,1.3,3.57,13.07
MCO,2006,164499,164935,0.7929,0.7546,0.7902,12.02,13.03,3.27,14.49,2.83,1.52,3.02,11.99
MCO,2007,170984,171358,0.776,0.7269,0.7575,13.67,13.65,3.99,16.74,3.04,1.81,3.69,14.19
MCO,2008,159897,159942,0.7857,0.7431,0.7661,13.44,13.58,3.67,16.22,1.61,1.73,4.01,13.96
MCO,2009,143712,142660,0.8077,0.7739,0.7967,11.62,12.9,3.1,13.81,1.25,1.9,3.4,11.79
MCO,2010,146894,146304,0.7997,0.758,0.7947,12,13.05,3.44,14.52,1.44,2.15,3.07,11.88
MCO,2011,148493,148527,0.806,0.7627,0.7927,12.3,13.45,3.67,14.98,1.25,2.27,3.34,12.36
MCO,2012,144126,143983,0.8222,0.7796,0.8053,11.15,13.4,3.58,13.67,1.37,2.11,2.96,11.43
MCO,2013,140125,139404,0.7822,0.7416,0.774,13.52,13.34,3.29,15.86,1.44,2.25,3.49,13.42
MCO,2014,139833,139627,0.7548,0.7096,0.7571,15.69,13.81,3.69,18.46,2.13,2.16,3.91,15.16
MDW,2004,136546,135948,0.7622,0.6929,0.7793,12.15,14.68,4.98,16.23,5.06,1.36,3.58,12.19
MDW,2005,112579,111764,0.736,0.7014,0.7829,13.25,12.51,3.47,15.98,4.62,1.2,2.72,12.11
MDW,2006,117357,116732,0.6915,0.6492,0.7464,16.63,11.99,3.65,19.65,5.41,1.27,3.3,14.54
MDW,2007,120640,120302,0.6962,0.6426,0.746,17.31,11.68,3.62,20.36,5.35,1.5,3.32,14.87
MDW,2008,106786,106657,0.7314,0.6848,0.7685,15.7,11.24,3.35,18.6,3.94,1.42,2.81,13.68
MDW,2009,98079,98051,0.7383,0.6853,0.8051,13.85,11.42,3.52,16.78,3.54,1.24,2.12,10.64
MDW,2010,96524,96752,0.6838,0.6258,0.7759,16.13,11.5,3.54,19.13,3.75,1.4,2.31,12.17
MDW,2011,100892,101105,0.7121,0.6652,0.7941,15.48,11.04,2.99,17.94,2.97,1.29,2.06,11.71
MDW,2012,101517,101590,0.7349,0.6928,0.8093,13.74,10.54,2.55,15.8,2.01,1.56,2.01,10.34
MDW,2013,101769,102887,0.6555,0.5867,0.7417,17.63,11.68,3.86,20.96,2.28,2.38,3.25,13.92
MDW,2014,102373,102609,0.658,0.5825,0.7283,19.25,12.37,4.25,23.11,3.79,2.29,3.88,16.4
MEM,2004,173254,169818,0.755,0.6877,0.7787,12.21,15.65,4.33,15.22,3.95,1.52,4.69,11.48
MEM,2005,176691,173030,0.7511,0.677,0.7797,12.02,16.06,4.68,15.3,3.71,1.96,4.55,11.3
MEM,2006,172206,169053,0.7544,0.6609,0.7492,12.01,17.43,5.39,16.09,4.07,1.93,5.72,13
MEM,2007,170568,166269,0.7396,0.6421,0.7554,12.74,18.08,5.39,17.15,3.32,1.82,5.65,13.43
MEM,2008,166979,163455,0.7602,0.6777,0.7887,12.9,17.72,4.93,17.01,3.27,1.97,4.99,12.12
MEM,2009,153914,153422,0.7825,0.7,0.8069,10.94,17.24,4.61,14.65,3.03,1.78,4.52,10.34
MEM,2010,152842,151357,0.7585,0.6867,0.834,12.76,16.82,4.36,16.21,2.36,1.41,3.03,9.45
MEM,2011,139824,138518,0.6692,0.6419,0.8316,17.04,15.2,2.14,18.58,2.18,0.49,2.44,9.64
MEM,2012,118834,117676,0.6529,0.6309,0.8603,15.89,14.63,1.73,16.97,1.87,0.36,1.78,7.84
MEM,2013,100394,99057,0.6709,0.6287,0.8183,16.35,14.35,2.43,18.32,1.97,0.36,2.4,10.02
MEM,2014,91359,90576,0.5771,0.5497,0.7724,19.86,13.38,1.36,21.1,2.45,0.28,3.12,12.29
MHT,2004,10165,10188,0.7684,0.7253,0.7474,13.75,13.4,3.81,16.44,2.4,0.66,2.81,13.24
MHT,2005,37653,37773,0.7626,0.7278,0.731,15.17,12.53,3.26,17.5,2.53,0.93,2.99,14.73
MHT,2006,33142,33296,0.7221,0.6897,0.6964,18.22,12.48,2.97,20.37,2.62,0.85,3.21,16.93
MHT,2007,33516,33343,0.7169,0.677,0.6758,19.39,12.94,3.32,21.9,3,0.88,3.48,18.28
MHT,2008,30669,30628,0.7387,0.7047,0.7305,17.21,12.53,2.75,19.37,2.4,0.74,2.97,15.34
MHT,2009,26259,26296,0.7413,0.7193,0.7618,16.6,11.58,2.03,18.03,2.16,0.67,2.49,13.31
MHT,2010,25289,25343,0.7355,0.7042,0.7433,16.39,11.44,2.33,17.94,2.03,0.6,2.35,13.96
MHT,2011,24368,24377,0.7113,0.6867,0.7609,18.14,11.14,2.03,19.56,1.66,0.54,1.86,13.91
MHT,2012,21608,21521,0.6989,0.6704,0.7522,18.47,11.22,2.17,20.06,1.4,0.7,1.64,13.98
MHT,2013,20830,20713,0.684,0.6301,0.7013,18.83,12.53,3.55,21.88,1.34,0.74,2.15,16.31
MHT,2014,18635,18571,0.6649,0.637,0.701,20.87,11.18,2.03,22.62,1.38,0.48,1.99,16.6
MIA,2004,154709,144138,0.7605,0.7282,0.7661,15.18,16.39,3.01,17.01,2.14,2.28,3.83,14.57
MIA,2005,153661,143341,0.722,0.68,0.7242,18.06,15.95,3.59,20.6,2.53,2.74,4.46,16.64
MIA,2006,155326,149223,0.7484,0.7075,0.7422,16.66,15.92,3.44,19.22,2.22,2.37,3.89,16.12
MIA,2007,153621,149731,0.7052,0.6584,0.6889,19.39,15.76,3.49,22.27,1.94,2.53,4.21,19.91
MIA,2008,148383,140270,0.7026,0.6571,0.6766,20.11,16,3.37,23.01,2.9,2.86,5.23,20.97
MIA,2009,145748,134669,0.7137,0.6763,0.7213,18.89,15.7,3.03,21.25,3.05,2.87,4.73,17.31
MIA,2010,155714,145274,0.7268,0.6765,0.7521,18.32,16.13,3.54,21.14,2.86,2.85,3.86,15.25
MIA,2011,164184,155362,0.735,0.6871,0.7666,17.8,16.2,3.43,20.51,2.59,2.25,3.43,14.36
MIA,2012,162815,157000,0.7445,0.6962,0.7651,16.92,16.25,3.5,19.61,2.21,2.56,3.31,14.94
MIA,2013,166455,159690,0.7684,0.7153,0.7821,14.58,16.41,3.68,17.44,2.17,2.35,3.2,14.02
MIA,2014,168629,164346,0.7783,0.7172,0.7825,14.23,17.11,4.28,17.44,2.8,2.4,3.81,14.61
MKE,2004,23109,23138,0.7742,0.753,0.7335,11.78,12.47,2.42,12.79,2.6,0.52,3.43,13.62
MKE,2005,94493,94132,0.7396,0.6994,0.7319,14.01,13.12,3.24,16.05,2.01,0.91,3.2,14.36
MKE,2006,87040,86797,0.7625,0.7353,0.7278,13.46,13.1,2.3,15.02,1.75,0.92,3.78,14.85
MKE,2007,86640,86703,0.7183,0.6728,0.6779,16.08,13.78,2.99,18.64,1.98,0.96,4.75,17.83
MKE,2008,80819,80349,0.7409,0.7014,0.724,16.13,14.25,3.31,18.64,3.27,0.97,4.28,16.45
MKE,2009,74866,74974,0.7979,0.7646,0.7996,12.27,13.3,2.71,14.26,3.56,0.84,3.13,11.34
MKE,2010,85455,85584,0.7871,0.7547,0.7901,12.58,12.59,2.44,14.32,4.39,1.01,3.37,11.85
MKE,2011,76548,76746,0.7831,0.7428,0.7791,13.37,12.75,2.8,15.63,4.01,0.93,3.39,12.86
MKE,2012,56232,56653,0.7984,0.7681,0.7932,12.32,12.1,2.36,14.02,2.74,1.07,2.59,11.51
MKE,2013,50040,50304,0.7491,0.7026,0.7387,15.46,12.86,3.24,17.98,2.76,1.32,3.17,14.8
MKE,2014,47897,47869,0.7361,0.6938,0.7126,17.13,12.79,3.02,19.41,3.16,1.17,3.57,16.65
MSP,2004,254994,253293,0.8041,0.6918,0.8128,10.25,17.44,6.67,15.33,5.34,1.4,3.99,10.28
MSP,2005,250633,249613,0.7559,0.6256,0.7905,13.01,18.31,7.27,18.97,5.03,1.97,3.64,11.89
MSP,2006,222831,223060,0.8,0.7204,0.8074,10.9,16.83,5.12,14.83,3.66,2.16,3.36,11.05
MSP,2007,214837,213716,0.7719,0.6415,0.7327,13,19.31,7.27,19.32,4.42,3.49,5.49,16.2
MSP,2008,213811,212956,0.8013,0.7249,0.7952,11.11,17.93,4.83,14.97,4.36,2.02,3.96,12.48
MSP,2009,207765,207199,0.8252,0.7454,0.8063,9.81,17.59,4.7,13.71,4.29,2.24,3.73,11.8
MSP,2010,208609,207351,0.8012,0.7309,0.7997,11.44,17.27,4.3,14.97,4.06,2.37,3.23,11.85
MSP,2011,207583,207577,0.8267,0.7688,0.8255,10.31,16.51,3.72,13.26,4.1,1.45,2.61,10.67
MSP,2012,203576,203737,0.8493,0.8022,0.855,8.95,16.09,3.46,11.47,3.61,1.18,2.16,8.77
MSP,2013,206304,206694,0.8312,0.7433,0.8226,10.24,17.8,5.62,14.69,3.69,1.15,2.9,11.23
MSP,2014,197864,198012,0.7892,0.7255,0.8037,12.33,16.36,3.74,15.46,3.7,0.9,2.95,12.25
MSY,2004,63061,63323,0.8166,0.8019,0.7721,10.41,10.01,2.14,11.77,2.34,0.82,3.05,12.09
MSY,2005,46978,47441,0.7815,0.7617,0.7424,12.41,10.28,2.58,14.15,2.73,1.35,3.38,13.94
MSY,2006,39738,39639,0.7809,0.7574,0.7497,12.68,10.55,2.46,14.36,2.05,0.8,3.19,13.59
MSY,2007,46656,46787,0.7853,0.7538,0.7343,13.05,10.83,2.73,15.01,2.2,1.06,3.44,14.9
MSY,2008,49916,49920,0.7991,0.7735,0.7627,12.23,10.57,2.38,13.86,2.08,0.96,3.22,13.35
MSY,2009,45682,45770,0.8332,0.8067,0.7907,10.13,10.69,2.37,11.7,1.99,1.14,2.87,11.45
MSY,2010,46923,47188,0.8169,0.7898,0.7903,10.66,10.73,2.28,12.18,2.01,1.28,2.6,11.27
MSY,2011,48593,48753,0.8221,0.8,0.7925,10.53,10.57,2.1,11.85,1.96,1.17,2.51,11.31
MSY,2012,47684,47777,0.8259,0.8059,0.7955,10.37,10.42,2.02,11.61,1.67,1.2,2.37,10.98
MSY,2013,52334,52915,0.7943,0.7732,0.7647,11.84,10.42,2.13,13.12,1.72,1.18,2.69,13
MSY,2014,53045,53084,0.7739,0.751,0.7516,13.57,10.56,2.11,14.87,1.95,1.16,2.74,14.28
OAK,2004,96255,96429,0.7932,0.769,0.7908,10.21,10.58,2.48,12.21,3.78,0.91,2.62,10.76
OAK,2005,96605,96399,0.781,0.7551,0.7752,10.44,10.86,2.69,12.35,3.91,1.03,2.79,11.19
OAK,2006,98253,98229,0.7824,0.7546,0.7723,10.69,11,2.5,12.36,3.58,1.17,3.08,11.41
OAK,2007,100168,99687,0.7917,0.7525,0.7822,10.58,11.14,2.64,12.55,3.41,1.58,2.83,11.36
OAK,2008,87634,86950,0.8011,0.7798,0.785,10.36,10.22,1.97,11.63,2.55,0.89,2.36,11.24
OAK,2009,69111,68371,0.8181,0.8067,0.8246,9.29,9.27,1.45,10.16,2.07,0.72,1.58,8.55
OAK,2010,65832,65169,0.7772,0.7617,0.7899,11.06,9.16,1.61,12.03,2.17,0.69,1.9,10.5
OAK,2011,64045,63242,0.7792,0.7576,0.7906,11.11,9.2,1.82,12.39,1.89,0.73,1.76,10.61
OAK,2012,64124,63681,0.7932,0.7478,0.8041,10.62,10.37,2.85,12.92,1.98,1.18,1.91,10.12
OAK,2013,60321,60591,0.7596,0.7321,0.7742,12.28,9.52,1.94,13.79,1.5,0.69,1.58,11.86
OAK,2014,62502,62539,0.7003,0.6633,0.7139,15.03,10,2.22,16.97,1.98,1.37,2.44,14.93
OGG,2004,8355,8424,0.8645,0.8773,0.847,8.23,7.85,0.46,7.71,4.59,0.54,3.37,9.78
OGG,2005,35626,36108,0.8639,0.8669,0.8337,7.89,8.28,0.76,7.78,3.52,1.26,4.21,9.85
OGG,2006,37108,37218,0.882,0.8807,0.8596,6.69,7.75,1.05,6.89,2.9,0.82,3.7,8.01
OGG,2007,37476,35402,0.8871,0.8836,0.8719,7.57,7.52,1.04,7.9,2.63,0.62,3.15,7.89
OGG,2008,32036,29420,0.8755,0.8593,0.8606,9.61,7.79,1.56,10.54,1.86,0.93,3.52,8.6
OGG,2009,30677,30193,0.8957,0.8853,0.8749,6.28,8.01,1.28,6.9,1.51,0.68,3.64,7.12
OGG,2010,27206,27084,0.9029,0.8901,0.8718,5.81,8.47,1.56,6.54,1.43,0.75,3.94,7.15
OGG,2011,27142,27090,0.9097,0.8974,0.8803,6.12,8.61,1.46,6.85,1.24,0.62,3.18,7.25
OGG,2012,31181,31051,0.9,0.8883,0.8747,6.47,8.59,1.51,7.21,0.95,0.9,3.51,7.48
OGG,2013,30069,29737,0.8871,0.8743,0.8589,7.26,8.64,1.53,8,1.01,1.01,3.48,8.36
OGG,2014,34163,33547,0.9007,0.8881,0.8784,5.8,8.58,1.39,6.44,1.71,0.87,3.85,7.18
OMA,2004,9769,9740,0.781,0.7602,0.7523,12.11,10.94,2.43,13.63,2.28,0.59,2.73,13.01
OMA,2005,40412,40238,0.7747,0.7399,0.7392,12.4,11.47,3.2,14.61,2.56,1.07,3.18,13.97
OMA,2006,39777,40736,0.7485,0.7272,0.7197,13.87,11.13,2.23,15.44,2.06,0.86,3.27,15.25
OMA,2007,41352,41570,0.7288,0.6884,0.6866,16.58,12.42,3.44,19.22,2.11,1.08,3.78,17.38
OMA,2008,39881,39850,0.7488,0.7173,0.6956,15.9,12.16,2.9,17.93,2.09,0.95,3.68,16.71
OMA,2009,36834,36758,0.7816,0.7462,0.7561,12.63,12.34,2.99,14.75,2.28,1.37,3.27,12.81
OMA,2010,38331,38386,0.7917,0.7521,0.7558,11.94,12.12,2.8,13.91,2.56,0.77,2.84,13.08
OMA,2011,37305,37502,0.8049,0.7781,0.7599,11.34,11.68,2.21,12.8,2.33,0.55,2.67,13.33
OMA,2012,35067,35288,0.8177,0.7964,0.7764,10.82,11.3,1.92,12.01,1.67,0.66,2.03,12.24
OMA,2013,33253,33594,0.781,0.7446,0.7274,12.8,12.27,3,14.78,1.61,1.07,2.88,15.16
OMA,2014,33241,33237,0.766,0.7386,0.7097,13.69,11.8,2.08,15.15,2.34,0.69,3.27,16.92
ONT,2004,54166,54076,0.7729,0.7488,0.8078,12.33,9.78,2.63,14.25,1.72,0.77,2.39,9.88
ONT,2005,54110,54080,0.7557,0.7241,0.777,12.5,10.23,2.92,14.66,2.04,1.04,2.77,11.11
ONT,2006,53893,54211,0.7384,0.6991,0.7822,13.85,10.96,3.06,16.15,1.85,0.88,2.81,11.08
ONT,2007,59098,58758,0.7602,0.7229,0.7927,13.2,11.28,3.15,15.35,1.66,0.77,2.21,11.05
ONT,2008,51391,51123,0.7421,0.7122,0.787,15.22,10.91,2.8,17.07,1.13,0.74,2.11,11.28
ONT,2009,40278,39956,0.7698,0.7554,0.8086,13.86,9.88,1.92,14.94,1.19,0.45,1.33,9.61
ONT,2010,37332,37205,0.7561,0.7421,0.7904,14.72,9.65,1.81,15.83,1.12,0.45,1.5,10.38
ONT,2011,35796,35541,0.753,0.7306,0.792,14.62,9.73,2.14,16.13,1.11,0.52,1.56,10.51
ONT,2012,33371,33168,0.7727,0.7491,0.8086,13.78,9.91,2.22,15.38,1.03,0.59,1.36,9.96
ONT,2013,32031,31743,0.7475,0.7211,0.7709,15.26,10.14,2.33,17.08,1.15,0.56,1.61,11.97
ONT,2014,32791,32476,0.7161,0.6824,0.7347,16.92,10.79,2.65,19.09,1.47,0.56,2.1,14.01
ORD,2004,485187,484859,0.7179,0.5739,0.721,17.79,20.23,9.36,25.86,3.19,3.34,5.81,19.19
ORD,2005,473216,474168,0.7242,0.6108,0.7672,16.76,19.03,7.45,23.14,3.05,3.15,4.11,15.45
ORD,2006,466079,467039,0.7036,0.5881,0.71,19.66,19.33,7.75,26.29,3.56,2.82,5.59,21.15
ORD,2007,455562,455118,0.6854,0.5769,0.6909,20.81,19.02,7.63,27.34,3.81,3.22,5.73,22.44
ORD,2008,431539,431421,0.7049,0.6115,0.7062,19.94,18.67,7.04,25.98,3.9,3.34,5.44,21.9
ORD,2009,404978,404952,0.7916,0.7251,0.8063,13.25,16.78,5.13,17.31,3.65,3.84,3.6,13.39
ORD,2010,430948,430618,0.7803,0.709,0.7938,14.09,16.26,5.05,18.26,2.48,3.31,3.54,14.33
ORD,2011,429476,428779,0.7605,0.6827,0.7772,15.61,16.55,5.6,20.2,2.16,3.18,3.59,16.03
ORD,2012,427374,427768,0.7707,0.6981,0.8069,14.45,16.06,4.97,18.5,1.89,3.16,2.74,13.31
ORD,2013,425352,428767,0.7094,0.6275,0.7521,18.64,16.6,5.46,23.49,2.26,3.98,3.71,17.51
ORD,2014,430429,430750,0.6787,0.5784,0.705,20.21,17.5,6.17,25.88,3.47,6.18,5.05,20.09
OXR,2004,731,717,0.8837,0.87,0.8591,6.75,7.24,1.73,7.46,1.17,0.36,1.42,8.42
OXR,2005,2730,2817,0.8905,0.8696,0.8424,5.35,7.95,2.11,6.44,1.58,0.41,2.11,7.86
OXR,2006,2194,2191,0.8323,0.8067,0.7408,7.73,9.67,3.29,9.41,1.66,0.83,2.97,12.67
OXR,2007,2044,1928,0.8728,0.8488,0.8185,6.27,10.11,2.62,7.9,1.53,0.9,2.78,8.98
OXR,2008,1841,1768,0.8838,0.8631,0.8479,5.44,10.52,2.33,6.54,1.76,0.57,2.01,8.16
OXR,2009,1649,1504,0.8757,0.8739,0.8763,5.92,9.33,1.35,6.29,1.43,0.43,1.53,6.33
OXR,2010,955,948,0.8628,0.8545,0.8492,6.21,8.69,0.86,6.52,1.42,0.55,2.31,7.65
OXR,2011,360,486,0.7389,0.6833,0.7469,13.05,8.91,1.86,14.96,2.32,1.1,2.88,16.2
OXR,2012,485,559,0.7608,0.7443,0.7871,10.07,9.76,1.54,11.67,1.59,0.79,2.1,13.88
OXR,2013,531,610,0.8606,0.855,0.8344,6.59,11.17,0.14,6.76,1.23,0,1.56,7.49
OXR,2014,530,639,0.834,0.8283,0.82,7.76,11.26,0.15,8.01,1.03,0,1.23,9.44
PBI,2004,44816,43468,0.7396,0.7109,0.6915,12.92,12.81,2.75,14.74,3.02,0.44,4.16,16.45
PBI,2005,44764,42951,0.6871,0.655,0.6567,16.2,12.58,2.78,18.29,3.19,0.76,4.82,18.74
PBI,2006,45031,43552,0.7026,0.6656,0.6858,15.15,13.13,3.17,17.54,2.37,0.8,4.01,16.47
PBI,2007,47394,46148,0.6927,0.6576,0.6611,16.42,13.26,2.99,18.71,2.71,0.87,4.64,18.65
PBI,2008,43427,42451,0.6972,0.6686,0.6665,17.29,13,2.54,19.21,2.35,0.89,5.02,18.72
PBI,2009,35423,34681,0.7105,0.6857,0.6971,16.04,12.71,2.52,17.76,1.78,0.75,4.3,16.59
PBI,2010,36664,35608,0.7167,0.6927,0.6965,15.53,12.52,2.25,17.02,1.96,0.76,3.76,16.68
PBI,2011,36530,35262,0.7117,0.6872,0.6989,15.65,12.62,2.35,17.2,1.96,0.65,3.61,16.5
PBI,2012,35521,34510,0.7188,0.6917,0.7044,14.72,12.94,2.49,16.4,2.13,0.75,3.39,15.79
PBI,2013,35800,34995,0.6705,0.6426,0.662,17.67,13.02,2.2,19.45,2.2,0.64,4.18,18.01
PBI,2014,37466,36904,0.6586,0.6297,0.6439,18.58,13.11,2.21,20.42,2.93,0.78,5.03,20.17
PDX,2004,107790,107597,0.8304,0.819,0.8132,9.2,10.01,1.78,10.05,2.58,0.56,2.7,9.69
PDX,2005,110782,110230,0.7933,0.7733,0.7808,11.06,10.28,2.16,12.41,2.62,0.98,2.89,11.27
PDX,2006,111646,111969,0.7963,0.776,0.7792,10.93,10.92,2.15,12.22,2.54,0.69,3.41,11.46
PDX,2007,114531,113943,0.8052,0.7815,0.7813,10.77,10.97,1.96,12.2,2.41,0.73,3.37,11.7
PDX,2008,107888,108006,0.8231,0.8037,0.8075,9.99,11.17,2.04,11.2,2.32,0.79,2.98,10.38
PDX,2009,96802,96828,0.8499,0.826,0.8439,8.14,11.54,2.39,9.68,2.19,0.85,2.33,8.16
PDX,2010,97133,96705,0.8393,0.8244,0.8396,8.77,11.01,1.69,9.74,2.12,0.7,2.08,8.46
PDX,2011,92795,93153,0.8448,0.8187,0.8255,8.41,11.48,2.3,10.02,2.25,0.8,2.53,9.2
PDX,2012,92223,92392,0.8578,0.8421,0.848,7.97,10.81,1.62,8.98,2.09,0.62,2.16,8.3
PDX,2013,92554,91943,0.8373,0.8163,0.8293,9.07,11.54,2.07,10.38,2.01,0.8,2.74,9.26
PDX,2014,94828,94702,0.8275,0.8082,0.8137,9.47,11.29,1.92,10.65,1.98,0.75,3.31,10.13
PHL,2004,225283,224381,0.7136,0.5482,0.7296,16.68,21.38,9.79,24.85,7.58,2.44,4.96,16.39
PHL,2005,252534,250524,0.6797,0.5215,0.7159,19.11,20.8,9.67,27.5,6.22,2.57,4.37,17.98
PHL,2006,241870,240724,0.6982,0.5083,0.7007,18.18,21.56,10.81,27.53,6.66,2.25,4.7,19.02
PHL,2007,232583,233078,0.6878,0.4887,0.6839,19.64,22.09,11.2,30.2,7.65,2.31,4.94,20.61
PHL,2008,229700,230105,0.7554,0.604,0.7376,15.75,20.2,8.42,23.37,7.82,2.02,4.28,17.64
PHL,2009,220842,220753,0.767,0.5992,0.738,14.77,20.73,9.44,23.51,7.21,2.39,4.65,16.84
PHL,2010,214485,214971,0.7824,0.6507,0.77,13.4,18.95,7.49,19.97,6.41,1.96,3.5,14.13
PHL,2011,213255,213163,0.7488,0.6371,0.7279,16.17,19.41,6.56,22.03,6.36,1.78,3.72,17.82
PHL,2012,211377,211189,0.7969,0.6951,0.7705,12.28,18.5,5.6,17.15,4.72,1.67,3.07,13.95
PHL,2013,206945,206032,0.7808,0.6711,0.7347,13.74,18.78,6.56,19.25,4.4,1.55,3.82,16.72
PHL,2014,200550,200637,0.7681,0.6625,0.7404,14.27,18.74,6.13,19.66,4.87,1.81,3.39,16.32
PHX,2004,240020,239521,0.7534,0.6639,0.7905,12.68,14.04,4.85,16.82,3.8,1.6,2.84,11.56
PHX,2005,249530,248195,0.7483,0.6443,0.8026,12.44,14.42,5.24,16.98,3.87,1.92,2.51,10.82
PHX,2006,245896,244854,0.7801,0.6797,0.7915,11.64,14.84,5.57,16.15,3.58,2.44,3.19,11.31
PHX,2007,240059,239897,0.7679,0.6578,0.7722,12.87,14.8,5.59,17.76,2.97,2.58,3.37,12.46
PHX,2008,226663,226405,0.8033,0.7129,0.8009,10.96,15.1,5.44,15.22,2.45,2.25,3.56,11.07
PHX,2009,208700,208786,0.8255,0.7496,0.8319,9.34,14.63,4.5,12.75,2.07,2.16,3.18,9.07
PHX,2010,205899,206051,0.8307,0.7509,0.8452,9.11,14.94,4.88,12.76,1.76,2.3,2.59,8.52
PHX,2011,213870,213498,0.8244,0.7746,0.8444,9.64,13.84,3.77,12.08,2.65,2.24,2.54,8.73
PHX,2012,207667,207206,0.8417,0.7734,0.8518,8.52,14.52,4.55,11.66,2.34,2.82,2.57,8.02
PHX,2013,200341,199957,0.8126,0.7323,0.831,9.86,14.63,4.81,13.44,1.92,2.3,2.71,9.29
PHX,2014,200278,199312,0.7828,0.7177,0.809,11.94,14.53,4.21,14.99,2.5,2.23,2.89,10.91
PIT,2004,150501,150689,0.7964,0.7653,0.8164,11.86,13.72,2.68,13.43,3.72,0.65,2.49,10.72
PIT,2005,117635,117752,0.7999,0.7615,0.7954,12.07,13.11,3.07,14.05,2.99,1.07,2.54,12.06
PIT,2006,104606,104602,0.809,0.7602,0.7842,11.72,13.83,3.84,14.51,2.79,1.14,3.11,12.72
PIT,2007,92901,93107,0.7707,0.7143,0.7296,14.73,14.33,3.7,17.76,3.26,1.22,3.58,16.39
PIT,2008,71863,72058,0.7655,0.7052,0.7531,15.41,14.31,3.81,18.46,3.14,1.33,3.35,15.01
PIT,2009,61447,61411,0.7941,0.7378,0.7865,13.09,14,3.49,15.83,2.78,1.02,2.66,12.37
PIT,2010,60738,60748,0.8088,0.7386,0.7848,12.1,14.34,4.01,15.28,2.62,1.02,2.72,12.31
PIT,2011,63078,63037,0.7774,0.7329,0.7581,14.26,13.3,2.9,16.36,2.6,0.99,3.01,14.32
PIT,2012,58244,58161,0.8107,0.7727,0.7883,11.73,12.95,2.63,13.53,2.01,1.04,2.26,12.15
PIT,2013,59106,59132,0.7887,0.7231,0.7631,13.18,13.52,3.58,16.1,2.06,1.23,2.65,14.12
PIT,2014,58332,58291,0.777,0.7409,0.7498,13.76,12.42,2.37,15.3,2.21,1.21,2.8,15.1
PSP,2007,17764,17852,0.7411,0.7053,0.7011,13.53,11.4,3.03,15.56,2.48,1,3.52,15.67
PSP,2008,16005,16036,0.7683,0.7321,0.7312,12.35,12.16,3.1,14.32,2.82,1.17,3.71,13.87
PSP,2009,14802,14837,0.8128,0.7919,0.7853,10.22,11.9,2.32,11.52,2.67,0.68,2.88,10.95
PSP,2010,14769,14859,0.7944,0.7699,0.7574,11.54,11.77,2.5,12.97,3.07,0.73,3.12,12.86
PSP,2011,14458,14632,0.7738,0.7484,0.7484,12.76,11.89,2.64,14.33,3.35,0.77,3.3,13.57
PSP,2012,15601,15682,0.7692,0.7362,0.7587,14,12.51,3.14,15.98,3.23,0.84,3.2,12.85
PSP,2013,15346,15242,0.7754,0.7483,0.7683,14.15,12.5,2.72,15.76,2.89,0.95,2.91,12.66
PSP,2014,16231,16208,0.7632,0.7332,0.7512,14.56,12.67,2.74,16.29,3.19,0.99,3.78,13.81
PVD,2004,11349,11393,0.7967,0.7554,0.7633,12.17,12.94,3.73,14.82,4.08,0.72,2.55,13.08
PVD,2005,42324,42517,0.7917,0.7522,0.7621,12.52,12.12,3.41,15.03,4.14,0.88,2.97,13.36
PVD,2006,38925,39178,0.7857,0.7539,0.7516,13.01,11.8,3.05,15.1,3.69,0.79,2.89,13.99
PVD,2007,38544,38598,0.7536,0.711,0.705,16.41,12.15,3.32,19.15,3.75,0.94,3.1,17.67
PVD,2008,34486,34449,0.778,0.7426,0.7553,14.78,12.14,3.05,17.02,3.7,0.8,2.74,14.73
PVD,2009,30672,30647,0.7929,0.7594,0.7815,13.59,11.88,2.88,15.62,3.35,0.79,2.44,12.26
PVD,2010,29377,29257,0.8011,0.7577,0.77,12.17,12.3,3.03,14.29,3.51,0.63,2.58,12.7
PVD,2011,28435,28405,0.7802,0.7535,0.7676,14.61,12,2.44,16.16,3.27,0.7,2.24,13.97
PVD,2012,24534,24491,0.7971,0.7779,0.7784,13.17,11.22,1.89,14.19,2.93,0.66,2.11,12.56
PVD,2013,23919,23904,0.7783,0.7359,0.7522,14.17,12.02,3.14,16.49,2.62,0.69,2.47,14.02
PVD,2014,22281,21619,0.7845,0.7601,0.7381,13.35,11.61,1.98,14.73,2.5,0.66,2.15,15.11
RDU,2004,91681,92066,0.7774,0.7437,0.7482,13.02,12.25,3.27,15.22,2.39,1.17,3.47,14.07
RDU,2005,92688,92884,0.7808,0.7412,0.7541,12.61,12.41,3.49,15.22,2.32,1.23,3.02,13.8
RDU,2006,88135,88308,0.7544,0.7122,0.7248,14.76,13.08,3.76,17.55,2.47,1.16,3.55,15.98
RDU,2007,92590,92877,0.7479,0.7038,0.7127,15.65,13.49,3.85,18.67,2.64,1.39,3.54,17.23
RDU,2008,82686,82877,0.7737,0.7241,0.7281,14.46,13.82,4.08,17.59,2.83,1.34,3.79,16.46
RDU,2009,73183,73439,0.798,0.7486,0.7757,12.79,14.18,4.07,15.83,2.66,1.12,3.29,13.07
RDU,2010,70023,70222,0.7987,0.7516,0.7737,12.47,13.87,3.53,15.03,2.6,0.97,2.63,13.01
RDU,2011,71200,71153,0.7824,0.7408,0.7668,13.83,13.68,3.2,16.04,2.44,0.86,2.69,13.63
RDU,2012,68663,68555,0.8108,0.7708,0.7992,11.89,13.58,3.15,14.05,2.16,0.93,2.11,11.53
RDU,2013,67514,67182,0.7843,0.7276,0.7636,13.8,14.42,4.14,16.86,2.25,1.28,2.74,13.8
RDU,2014,67367,67330,0.7563,0.7179,0.752,15,13.67,2.83,17.11,2.47,0.9,2.8,14.55
RFD,2004,1946,1935,0.6912,0.6598,0.7907,13.2,7.04,1.78,14.5,2.27,0.81,3.6,11.39
RFD,2005,7951,7856,0.7536,0.7214,0.7514,11.31,7.57,2.21,12.7,1.64,0.62,3.16,12.01
RFD,2006,8649,8564,0.6907,0.6568,0.7287,13.58,7.96,2.32,15.1,2.16,0.85,4.08,13.46
RFD,2007,9005,8979,0.684,0.6338,0.7453,13.41,8.53,2.35,15.39,2.31,0.77,4.57,13.18
RFD,2008,8074,8011,0.6886,0.6417,0.7445,14.56,8.52,2.31,16.28,2.19,0.76,4.26,13.16
RFD,2009,6156,6016,0.7854,0.7508,0.7947,10.58,7.81,1.65,12.11,1.79,0.25,3.06,10.21
RFD,2010,5439,5401,0.7404,0.7038,0.7413,12.72,8.63,2.12,14.79,1.77,0.38,2.55,12.28
RFD,2011,5094,5052,0.7899,0.7905,0.7838,10.78,10.67,0.1,10.63,1.46,0.02,1.74,10.49
RFD,2012,4856,4762,0.793,0.7807,0.7934,9.76,10.51,0.48,10.22,1.24,0.03,1.46,10.22
RFD,2013,4570,4445,0.754,0.7425,0.766,12.23,11.15,0.31,12.75,1.41,0.02,1.97,11.25
RFD,2014,4500,4481,0.7836,0.7702,0.8076,11.21,11.34,0.27,11.79,2.18,0,2.64,11.05
RSW,2004,9204,9199,0.8228,0.8101,0.756,10.72,12.93,2.09,11.69,1.64,0.82,3.39,13.63
RSW,2005,39361,39446,0.7828,0.7557,0.7208,12.86,13.46,2.76,14.55,2.1,1.6,4.89,14.91
RSW,2006,38541,38574,0.7949,0.7687,0.7364,12.31,12.88,2.44,13.94,2.49,1.79,4.82,13.96
RSW,2007,40564,40640,0.7825,0.7528,0.7281,13.44,12.63,2.64,15.27,2.62,1.41,4.86,14.86
RSW,2008,38640,38758,0.8106,0.7892,0.7679,12.09,12.21,2.21,13.54,2.05,0.54,4.4,13.18
RSW,2009,35902,35903,0.8298,0.8077,0.7976,10.47,11.98,2.2,11.86,2.3,0.75,3.7,11.06
RSW,2010,36391,36472,0.833,0.81,0.7882,10.55,11.97,2.23,12.01,2.46,0.86,3.58,11.72
RSW,2011,36450,36385,0.8199,0.7929,0.7812,11.34,12.13,2.42,12.89,2.28,0.94,3.67,12.27
RSW,2012,34601,34659,0.8523,0.8297,0.811,8.99,11.97,2.24,10.33,2.13,0.88,3.24,10.36
RSW,2013,35396,35252,0.8139,0.788,0.7735,11.66,12.21,2.34,13.25,2.19,1.03,3.88,12.59
RSW,2014,34687,34572,0.7816,0.7525,0.7558,13.91,12.31,2.45,15.67,2.61,1.02,3.93,14.58
SAN,2004,96361,95914,0.8296,0.795,0.7877,8.8,12.86,3.49,11.21,2.62,0.94,3.04,11.05
SAN,2005,102281,101518,0.8202,0.776,0.7774,9.32,13.3,3.81,12.15,2.63,1.16,3.22,11.49
SAN,2006,102803,102972,0.8189,0.777,0.7733,9.64,13.18,3.5,12.15,2.55,1,3.11,11.49
SAN,2007,106794,107009,0.8176,0.7655,0.7727,10.11,13.79,4.03,13,2.73,1.09,2.96,12.26
SAN,2008,103786,104107,0.8091,0.7654,0.7727,11.02,13.62,3.75,13.61,2.66,0.98,3.19,12.36
SAN,2009,91757,92101,0.83,0.8021,0.8048,9.56,12.95,3.04,11.45,2.61,0.89,2.51,10.11
SAN,2010,87436,87619,0.8166,0.7808,0.804,10.2,12.88,3.11,12.35,2.37,0.86,2.21,10.3
SAN,2011,85528,85655,0.8161,0.7803,0.7936,10.36,12.92,3.17,12.54,2.02,0.83,2.52,11.03
SAN,2012,86058,86414,0.8273,0.7819,0.8065,10.32,13.37,3.63,12.91,1.96,1.06,2.13,10.76
SAN,2013,86848,87415,0.802,0.7573,0.7791,11.26,13.52,3.71,13.83,1.95,0.97,2.39,11.87
SAN,2014,90092,90007,0.7792,0.7378,0.7647,12.82,13.68,3.58,15.2,2.1,0.87,2.46,13.07
SAT,2004,53755,54414,0.7849,0.7684,0.751,11.87,9.97,2.37,13.48,2.88,0.68,3.35,13
SAT,2005,53524,54155,0.7943,0.7735,0.7637,11.22,10.08,2.36,12.83,2.67,0.97,2.79,12.23
SAT,2006,56908,57817,0.7895,0.7691,0.7511,11.92,10.51,2.42,13.42,2.75,0.85,3.03,13.31
SAT,2007,59403,60046,0.7702,0.7403,0.7189,13.35,11.11,2.66,15.21,3.28,0.95,3.63,15.26
SAT,2008,58527,58757,0.7904,0.7636,0.7442,12.26,11.2,2.58,14.01,2.56,0.94,3.14,14.02
SAT,2009,52057,52241,0.8059,0.7851,0.7788,11.05,10.55,1.95,12.29,2.66,0.8,2.55,12.23
SAT,2010,52583,52984,0.7948,0.7721,0.764,11.64,10.57,2.1,12.98,2.36,0.92,2.45,13.12
SAT,2011,52547,52923,0.8078,0.7782,0.7862,11.09,11.22,2.63,12.81,1.71,0.97,2.25,11.94
SAT,2012,53839,53996,0.8082,0.7789,0.784,10.82,11.39,2.74,12.58,1.69,1.1,2.45,11.76
SAT,2013,53652,54020,0.782,0.76,0.7557,12.12,11.14,2.15,13.44,1.68,0.86,2.66,13.21
SAT,2014,53144,53325,0.7601,0.7356,0.7323,13.55,11.07,2.07,14.86,2.17,1.02,2.84,15.2
SDF,2004,71480,71254,0.6908,0.6431,0.7361,14.27,11.73,3.13,16.62,3.14,1.09,4.52,13.33
SDF,2005,74853,74918,0.6405,0.5939,0.7037,16.32,11.85,3.39,18.97,3.17,1.49,4.82,14.63
SDF,2006,72888,72864,0.6283,0.5702,0.6786,17.06,13.09,3.95,20.27,3.52,1.67,5.65,15.97
SDF,2007,76091,75865,0.7061,0.6413,0.7182,14.87,12.91,3.34,17.54,3.4,1.17,4.63,14.6
SDF,2008,69842,69458,0.7034,0.645,0.7157,15.22,12.7,3.03,17.72,3.51,1.29,5.13,14.97
SDF,2009,63330,62958,0.7311,0.6821,0.7467,14.04,12.57,2.59,16.18,2.99,0.93,4.18,12.52
SDF,2010,65983,65408,0.7105,0.6739,0.729,14.7,12.62,2.49,16.54,3.23,0.88,3.98,13.52
SDF,2011,66057,65376,0.7105,0.6952,0.7288,14.57,11.91,1.58,15.48,3.22,0.6,3.98,13.58
SDF,2012,64282,63257,0.7131,0.6973,0.7286,14.1,11.95,1.48,15.04,2.75,0.73,3.45,13.24
SDF,2013,65029,63796,0.7236,0.6863,0.7131,14.24,12.54,2.05,16.02,2.45,0.75,3.53,14.23
SDF,2014,64316,63805,0.715,0.6778,0.727,14.8,12.39,1.71,16.43,2.28,0.71,3.62,14.26
SEA,2004,175769,175080,0.8173,0.7812,0.8107,10.25,13.17,2.98,12.34,3.72,1.14,3.13,10.27
SEA,2005,167561,167023,0.7911,0.7512,0.776,11.83,13.29,3.17,14.04,3.63,1.44,3.19,12.53
SEA,2006,166479,167019,0.7927,0.7469,0.7632,11.67,14.62,3.8,14.28,3.78,1.5,4.15,13.06
SEA,2007,167658,167931,0.7771,0.7152,0.7437,12.38,15.53,4.04,15.54,4.18,1.29,4.66,14.16
SEA,2008,166460,167035,0.8173,0.7716,0.7763,10.36,15.77,3.57,12.93,4.38,1.47,4.33,12.19
SEA,2009,154524,154814,0.867,0.8208,0.833,7.66,15.5,3.39,10.13,3.7,1.85,3.36,9.03
SEA,2010,152846,153105,0.8708,0.8449,0.848,7.46,14.32,2.39,8.96,3.1,1.17,2.64,8.67
SEA,2011,153354,153779,0.8786,0.8503,0.8456,6.94,14.09,2.58,8.65,2.83,0.96,2.9,8.56
SEA,2012,151109,150604,0.8806,0.8507,0.8577,7.13,14.05,2.6,8.86,2.56,1.32,2.73,8.05
SEA,2013,154456,153310,0.8626,0.8212,0.8413,7.88,14.54,3.24,10.09,2.23,1.86,3.42,8.76
SEA,2014,165858,165955,0.848,0.8063,0.8245,8.63,14.79,3.18,10.87,2.75,1.82,3.88,9.86
SFO,2004,162677,166132,0.8245,0.767,0.7627,9.82,15.8,4.41,12.84,2.77,1.15,3.93,13.28
SFO,2005,162913,164784,0.7958,0.7376,0.7438,12.21,15.72,4.15,15.17,2.91,1.32,4.06,15.25
SFO,2006,166306,168661,0.7467,0.6851,0.7019,14.69,16.1,4.39,17.91,3.08,1.38,4.8,17.17
SFO,2007,174691,174929,0.7459,0.6652,0.6959,15.32,17.32,5.25,19.36,3.42,1.6,4.8,18.14
SFO,2008,180476,180799,0.7532,0.691,0.7007,16.12,17.2,4.51,19.52,3.59,1.77,4.72,19.46
SFO,2009,178369,178980,0.7844,0.7347,0.7412,13.52,16.51,3.87,16.32,3.66,1.53,3.92,16.75
SFO,2010,181495,181856,0.7549,0.7063,0.7176,16.22,16,3.73,18.88,3.65,1.73,3.89,19.17
SFO,2011,189552,190242,0.7655,0.6995,0.7165,14.81,16.43,4.4,18.24,3.66,2.15,3.84,18.37
SFO,2012,199751,200238,0.7294,0.6413,0.6978,17.53,17.48,5.32,21.86,3.24,3.07,3.69,21.01
SFO,2013,198131,198877,0.7623,0.7034,0.727,15.05,16.43,4.13,18.08,2.99,2.23,3.27,18.44
SFO,2014,206374,205946,0.736,0.6458,0.6993,16.16,17.84,5.59,20.69,3.2,2.17,3.71,19.65
SJC,2004,75631,76805,0.8063,0.7764,0.783,9.75,12.05,3.07,11.97,2.64,0.82,2.58,11.3
SJC,2005,72696,73263,0.8011,0.7849,0.7688,9.97,11.08,2.19,11.43,2.68,1.08,2.67,11.87
SJC,2006,73196,73856,0.7908,0.7599,0.7588,10.55,11.92,3.06,12.65,2.47,0.99,2.94,12.25
SJC,2007,73741,74273,0.7988,0.7761,0.7649,10.42,11.5,2.31,11.75,2.25,0.81,2.63,12.24
SJC,2008,67435,67891,0.816,0.7987,0.7831,9.98,11.11,2.15,11.27,1.97,0.92,2.52,11.44
SJC,2009,57650,57930,0.8437,0.8324,0.8189,8.21,10.55,1.74,9.1,1.61,0.92,1.9,9.18
SJC,2010,52042,52357,0.7955,0.7859,0.7883,10.32,10.18,1.59,11.07,1.65,0.73,2.13,10.69
SJC,2011,51848,52070,0.8084,0.7917,0.7975,9.9,10.2,1.83,10.99,1.36,0.68,2.05,10.37
SJC,2012,50458,50521,0.8317,0.8131,0.8277,8.66,10.48,2.1,9.92,1.39,0.78,1.8,8.87
SJC,2013,52414,52518,0.7862,0.763,0.7797,10.85,11.01,2.28,12.29,1.33,0.71,2.02,11.31
SJC,2014,55558,55523,0.7589,0.737,0.7487,12.67,11.06,2.14,13.93,1.8,0.7,2.46,13.09
SJU,2004,60371,56735,0.8019,0.7794,0.7984,11.19,13.84,2.27,12.43,1.88,0.79,3.39,12.28
SJU,2005,57736,54870,0.7789,0.7464,0.7604,12.74,14.14,3.03,14.43,1.63,1.36,4.04,14.65
SJU,2006,55707,52948,0.8054,0.7446,0.7611,11.61,15.75,4.28,14.34,1.73,1.29,4.19,14.17
SJU,2007,47987,47246,0.8014,0.7522,0.7414,12.53,15.22,3.16,14.97,1.55,1.71,4.09,16.31
SJU,2008,44493,43448,0.8004,0.781,0.7533,12.54,14.22,1.85,13.59,1.64,1.25,3.75,15.18
SJU,2009,48418,46678,0.8168,0.8015,0.7999,11.44,13.29,1.43,12.28,1.22,0.95,2.88,11.77
SJU,2010,47314,45781,0.7967,0.7815,0.7719,12.21,13.04,1.39,13,1.65,1.32,3.53,13.4
SJU,2011,42803,42401,0.8179,0.7934,0.7899,10.86,13.23,1.96,12.07,1.45,1.57,3.67,12.28
SJU,2012,44716,43985,0.8417,0.8228,0.8181,9.55,13.15,1.82,10.55,1.41,1.33,2.89,10.64
SJU,2013,42902,42175,0.8058,0.7808,0.784,12.31,13.56,2.2,13.52,1.78,1.41,2.86,12.96
SJU,2014,43671,42965,0.8056,0.7784,0.7815,11.71,12.89,1.88,13.13,1.81,1,2.93,12.79
SLC,2004,161528,160765,0.833,0.7503,0.8062,8.75,15.88,5.03,12.78,3.08,1.53,3.73,10.23
SLC,2005,186361,184974,0.8237,0.743,0.8195,8.99,16.25,4.8,12.77,2.94,1.84,3.07,9.47
SLC,2006,205054,169156,0.8292,0.7278,0.8055,9.04,17.4,5.76,13.57,3.82,1.73,3.42,10.49
SLC,2007,171576,169476,0.813,0.6974,0.7813,10.06,18.72,6.6,15.34,4.62,1.86,3.77,11.98
SLC,2008,159347,157543,0.8369,0.7518,0.8192,9.19,18.25,5.64,13.43,3.8,1.79,3.33,10.38
SLC,2009,151233,149920,0.8558,0.7571,0.8398,7.86,18.8,5.93,12.45,4.08,2.04,3.22,8.86
SLC,2010,147975,146918,0.8293,0.7402,0.8195,9.44,18.29,5.28,13.54,4.06,1.9,3.11,9.84
SLC,2011,139366,139144,0.8529,0.7914,0.8488,8.18,17.41,4.54,11.25,2.71,1.32,2.4,8.38
SLC,2012,129026,129031,0.8691,0.8153,0.8661,7.26,17.21,4.42,10.16,1.87,1.3,2.19,7.52
SLC,2013,128090,127946,0.8408,0.7698,0.8367,9.44,18.13,5.31,13.15,2.02,1.75,2.79,9.75
SLC,2014,129307,128941,0.8286,0.7866,0.8369,9.86,16.59,3.72,12.17,1.84,1.31,2.47,9.77
SMF,2007,65686,65960,0.8025,0.769,0.7724,11.01,10.86,2.64,12.95,2.54,1.12,2.59,12.17
SMF,2008,61470,61500,0.8067,0.7884,0.7706,11.12,10.46,1.93,12.29,2.13,0.73,2.49,12.13
SMF,2009,52731,52905,0.8401,0.8281,0.8066,9.02,9.85,1.57,9.75,1.88,0.65,1.75,9.87
SMF,2010,51516,51632,0.8209,0.8073,0.7886,9.97,9.64,1.48,10.86,1.93,0.66,1.98,11.1
SMF,2011,50574,50719,0.8265,0.7981,0.8055,9.82,10.32,2.19,11.36,1.86,0.83,2.01,10.41
SMF,2012,49016,49085,0.8505,0.8285,0.8311,8.97,10.43,2.2,10.4,1.71,1.01,1.69,9.28
SMF,2013,46868,47183,0.8242,0.7999,0.8035,9.88,10.58,2.13,11.29,1.87,0.74,1.64,10.47
SMF,2014,47618,47523,0.7861,0.7661,0.7659,11.91,10.75,2.04,13.09,2,0.85,2.1,12.57
SNA,2004,14135,14276,0.7857,0.721,0.7716,11.09,13.48,4.44,14.34,3.17,1.81,3.44,11.12
SNA,2005,55590,55995,0.8046,0.7443,0.7799,10.03,12.91,4.07,12.98,2.96,1.67,3.06,10.92
SNA,2006,56634,57499,0.7952,0.7312,0.7668,10.5,12.91,4.15,13.51,2.76,1.65,3.41,11.48
SNA,2007,57795,58356,0.7823,0.7039,0.7575,11.29,13.49,4.66,14.73,3.12,2.05,3.39,12.17
SNA,2008,51644,52088,0.8028,0.7394,0.7788,10.79,13.31,4.31,13.7,2.49,1.75,3.14,11.18
SNA,2009,50127,50368,0.8286,0.7676,0.8148,9.33,12.85,4.04,12.08,2.38,1.77,2.71,9.2
SNA,2010,46002,46334,0.8067,0.757,0.8091,10.42,11.97,3.38,12.6,2.3,1.44,2.24,9.42
SNA,2011,45157,45435,0.8199,0.7672,0.8182,9.76,11.72,3.36,11.92,1.96,1.29,2.23,9.07
SNA,2012,45397,45653,0.8133,0.7646,0.8234,10.47,11.59,3.28,12.69,1.74,1.04,1.91,8.95
SNA,2013,46656,46935,0.7907,0.7531,0.7986,11.06,11.28,3.09,13.08,1.61,1.04,2.1,9.89
SNA,2014,47176,47252,0.7578,0.715,0.7688,12.75,11.39,3.1,14.85,1.77,0.82,2.36,11.67
STL,2004,130440,130684,0.8232,0.8126,0.8263,10,11.42,1.67,10.94,3.93,0.53,2.06,9.76
STL,2005,134794,134879,0.8164,0.7915,0.8193,10.41,11.69,2.68,12.15,3.6,1.31,2.09,10.72
STL,2006,127485,127934,0.794,0.7746,0.8061,11.71,11.49,2.06,13.03,3.03,0.79,2.25,11.43
STL,2007,118824,119185,0.761,0.7371,0.7604,14.26,11.45,2.15,15.77,3.66,1.18,2.69,14.37
STL,2008,116267,116638,0.7737,0.7515,0.7758,13.73,11.4,2.19,15.22,3.95,1.15,2.92,13.86
STL,2009,98714,98773,0.8163,0.7976,0.8168,10.74,11,1.76,11.93,3.29,0.78,2.25,10.54
STL,2010,85835,85963,0.7849,0.7635,0.7952,12.16,10.84,1.89,13.33,2.78,1.28,2.5,11.6
STL,2011,88445,88387,0.7855,0.7623,0.7897,12.52,10.74,1.95,13.86,2.41,1.38,2.79,12.15
STL,2012,89904,89576,0.8094,0.7851,0.816,11.03,10.61,1.89,12.41,2.03,1.27,2.3,10.68
STL,2013,87766,88139,0.7694,0.7416,0.7805,13.24,10.61,2.04,14.81,1.59,0.89,2.36,12.62
STL,2014,86632,86474,0.743,0.715,0.7506,15.01,10.74,2.1,16.62,1.78,0.99,2.75,14.64
SWF,2004,2734,2662,0.7008,0.6544,0.6525,16.63,12.91,3.42,18.9,3.63,0.45,4.34,18.67
SWF,2005,8820,8666,0.6991,0.6776,0.6547,17.3,12.1,2.38,18.61,3.3,0.74,4.75,17.92
SWF,2006,6582,6359,0.6694,0.6542,0.6141,18.78,11.91,1.92,19.73,3.38,0.67,5.72,21.09
SWF,2007,9634,9418,0.7162,0.6583,0.6277,17.4,13.76,3.84,20.49,2.49,1.61,6.14,20.78
SWF,2008,8096,7907,0.7456,0.7155,0.692,16.07,13.37,2.42,17.78,2.71,0.68,4.27,17.68
SWF,2009,5068,4975,0.7129,0.6687,0.6476,16.71,14.65,3.02,19.2,2.84,0.75,4.93,19.37
SWF,2010,4840,4819,0.7519,0.7192,0.6559,14.95,14.09,2.46,16.71,2.89,0.51,4.91,19.69
SWF,2011,5546,5444,0.7034,0.6918,0.6275,17.8,13.17,1.3,18.35,2.91,0.84,4.34,20.71
SWF,2012,5546,5474,0.7495,0.7467,0.6955,14.4,12.31,0.83,14.59,2.72,0.34,3.78,16.55
SWF,2013,4935,4873,0.74,0.6987,0.6483,14.62,14.03,2.7,16.73,2.49,0.82,5.5,18.87
SWF,2014,4863,4871,0.7027,0.6955,0.6843,16.78,12.42,0.65,17.24,2.83,0.23,4.73,17.14
TEB,2004,28711,28964,0.2889,0.3104,0.38,38.41,9.11,0,36.89,6.28,0,6.09,31.14
TEB,2005,29219,29332,0.2945,0.2885,0.3495,37.84,9.44,0.54,38.3,6.23,0.26,7.44,34.28
TEB,2006,29286,29520,0.3088,0.3151,0.3598,37.94,10.33,0.05,37.47,5.67,0,6.05,32.7
TEB,2007,30326,30630,0.2956,0.2951,0.3583,39.86,11.05,0.08,39.9,5.9,0.01,6.58,33.33
TEB,2008,26049,25870,0.2786,0.2774,0.3611,38.56,11.2,0.14,38.69,5.69,0,6.21,33.41
TEB,2009,20989,20866,0.2467,0.2457,0.3979,40.8,11.15,0.1,40.87,5.22,0,5.12,31.05
TEB,2010,22793,22898,0.2786,0.2767,0.3791,38.17,11.2,0.14,38.31,5.26,0,5.15,31.97
TEB,2011,24396,24798,0.3185,0.317,0.3982,35.25,11.16,0.11,35.4,5.39,0,5.05,30.94
TEB,2012,24396,24778,0.3328,0.3286,0.4084,34.13,11.18,0.13,34.41,4.78,0,4.53,30.07
TEB,2013,28656,28748,0.326,0.315,0.399,34.93,11.48,0.4,35.84,4.44,0,5.24,30.95
TEB,2014,29836,29781,0.327,0.3121,0.4065,35.26,11.73,0.43,36.4,5.15,0,6.19,31.38
TPA,2004,100556,100312,0.8245,0.8023,0.7921,9.85,11.88,2.39,11.53,2.24,0.7,3.1,11.3
TPA,2005,111899,111953,0.7996,0.7656,0.7696,11.39,12.17,3.12,13.76,2.58,1.03,3.52,12.84
TPA,2006,106426,106040,0.8129,0.7871,0.7869,10.78,12.13,2.87,12.7,2.48,0.93,3,11.87
TPA,2007,107523,107579,0.7903,0.762,0.7542,12.55,12.03,2.78,14.49,2.19,0.89,3.51,14.26
TPA,2008,100289,100528,0.7983,0.7684,0.7672,12.39,12.19,2.85,14.37,1.3,0.89,3.7,13.76
TPA,2009,83888,84140,0.8154,0.7875,0.7965,10.86,12.05,2.59,12.64,1.08,0.74,3,11.51
TPA,2010,82346,82582,0.8121,0.7775,0.7988,11.02,12.45,3.03,13.21,1.86,0.94,2.68,11.65
TPA,2011,81837,81897,0.8296,0.8054,0.8044,10.6,11.93,2.42,12.19,1.66,0.75,2.53,11.51
TPA,2012,80605,80523,0.8322,0.8096,0.808,10.51,11.69,2.19,11.88,1.53,0.85,2.57,11.3
TPA,2013,80603,79946,0.7997,0.775,0.7774,11.9,11.86,2.36,13.39,1.63,0.87,3,12.66
TPA,2014,79489,79173,0.7726,0.7454,0.7536,14.33,12,2.39,15.97,2.24,0.88,3.53,14.87
TUS,2004,7498,7501,0.7757,0.7586,0.7124,14.09,9.98,2.31,15.58,2.37,0.89,3.48,15.24
TUS,2005,29803,29761,0.7868,0.7666,0.7493,11.53,9.87,2.15,12.89,2.42,0.79,2.38,12.86
TUS,2006,29332,30490,0.8098,0.7793,0.7422,10.49,10.58,2.56,12.32,2.11,1.42,3.3,13.69
TUS,2007,32136,32102,0.8152,0.7827,0.7412,10.62,11.1,2.82,12.41,2.26,1.08,3.3,13.94
TUS,2008,30267,30337,0.8354,0.8086,0.7703,9.51,10.94,2.42,11.01,1.63,0.85,2.93,12.59
TUS,2009,24475,24528,0.8507,0.8278,0.7965,8.41,10.7,2.17,9.71,1.82,0.79,2.67,10.73
TUS,2010,24995,25088,0.8502,0.8293,0.7926,8.27,10.48,2.01,9.38,1.64,0.76,2.33,11.04
TUS,2011,25149,25165,0.8458,0.8216,0.7795,8.76,11.06,2.58,10.17,1.47,0.8,2.57,11.77
TUS,2012,23583,23679,0.8599,0.8336,0.7965,8.1,11.19,2.59,9.48,1.56,0.74,2.29,10.64
TUS,2013,22502,22090,0.8145,0.7914,0.7628,10.55,11.43,2.43,11.96,1.67,0.7,2.48,12.76
TUS,2014,22589,22340,0.7914,0.7715,0.7351,12.33,11.32,2.03,13.47,1.84,0.92,2.57,14.76
VNY,2004,1331,1301,0.29,0.3178,0.392,35.15,9.2,0,33.65,3.71,0,3.33,32.86
VNY,2005,5235,5169,0.293,0.2835,0.3562,33.75,9.55,0.53,34.27,3.73,0.27,4.64,34.5
VNY,2006,6142,6112,0.3097,0.3167,0.3724,32.83,10.33,0.05,32.34,3.32,0,3.81,32.3
VNY,2007,6179,6349,0.2936,0.2921,0.3853,34.96,11.06,0.09,35.01,3.22,0.01,3.91,32.42
VNY,2008,4282,4469,0.2756,0.2723,0.3571,34.45,11.24,0.16,34.63,4.86,0,5.21,34.18
VNY,2009,2986,3005,0.2971,0.2954,0.3241,33.86,11.15,0.1,33.95,5.14,0,5.02,34.88
VNY,2010,3420,3500,0.3023,0.3018,0.3394,33.63,11.22,0.15,33.8,4.76,0,4.77,34.37
VNY,2011,4134,4134,0.3474,0.3454,0.3752,30.96,11.17,0.12,31.12,4.69,0,4.59,30.91
VNY,2012,4753,4787,0.3909,0.3859,0.4299,28.5,11.2,0.14,28.81,3.57,0,3.84,28.42
VNY,2013,6096,6165,0.3924,0.3778,0.4513,28.61,11.48,0.4,29.53,2.15,0,2.91,27.79
VNY,2014,7412,7573,0.4014,0.3841,0.4507,28.87,11.7,0.4,29.96,2.92,0,3.89,28.97
